Route_id,Origin,Destination
ABE-ATL,ABE,ATL
AEX-ATL,AEX,ATL
DFW-DTW,DFW,DTW
DFW-MSP,DFW,MSP
PIT-BOS,PIT,BOS
PIT-JFK,PIT,JFK
PIT-MSP,PIT,MSP
AGS-ATL,AGS,ATL
HSV-ATL,HSV,ATL
ATL-ABE,ATL,ABE
ATL-AEX,ATL,AEX
ATL-AGS,ATL,AGS
ATL-AVL,ATL,AVL
ATL-BHM,ATL,BHM
ATL-BMI,ATL,BMI
ATL-BTR,ATL,BTR
ATL-BTV,ATL,BTV
ATL-CAE,ATL,CAE
ATL-CAK,ATL,CAK
ATL-CHA,ATL,CHA
ATL-CHO,ATL,CHO
ATL-CID,ATL,CID
ATL-CRW,ATL,CRW
ATL-CSG,ATL,CSG
ATL-DSM,ATL,DSM
ATL-ELM,ATL,ELM
ATL-EVV,ATL,EVV
ATL-EWN,ATL,EWN
ATL-EYW,ATL,EYW
ATL-FSD,ATL,FSD
ATL-FSM,ATL,FSM
ATL-GNV,ATL,GNV
ATL-GPT,ATL,GPT
ATL-GSO,ATL,GSO
ATL-GTR,ATL,GTR
ATL-HPN,ATL,HPN
ATL-HSV,ATL,HSV
ATL-ILM,ATL,ILM
ATL-JAN,ATL,JAN
ATL-LEX,ATL,LEX
ATL-LFT,ATL,LFT
ATL-LIT,ATL,LIT
ATL-LNK,ATL,LNK
ATL-MDT,ATL,MDT
ATL-MGM,ATL,MGM
ATL-MYR,ATL,MYR
ATL-OAJ,ATL,OAJ
ATL-PHF,ATL,PHF
ATL-PIA,ATL,PIA
ATL-SDF,ATL,SDF
ATL-SGF,ATL,SGF
ATL-SHV,ATL,SHV
ATL-TLH,ATL,TLH
ATL-TRI,ATL,TRI
ATL-TUL,ATL,TUL
ATL-TYS,ATL,TYS
ATL-VPS,ATL,VPS
ATW-DTW,ATW,DTW
ATW-MSP,ATW,MSP
AUS-DTW,AUS,DTW
AUS-MSP,AUS,MSP
CWA-DTW,CWA,DTW
CWA-MSP,CWA,MSP
AVL-ATL,AVL,ATL
AVP-DTW,AVP,DTW
SHV-ATL,SHV,ATL
BDL-MSP,BDL,MSP
BGR-LGA,BGR,LGA
BHM-ATL,BHM,ATL
BIS-MSP,BIS,MSP
CAK-ATL,CAK,ATL
CLE-DTW,CLE,DTW
CLE-JFK,CLE,JFK
CLE-MSP,CLE,MSP
BMI-ATL,BMI,ATL
BNA-BOS,BNA,BOS
BOS-BNA,BOS,BNA
BOS-CVG,BOS,CVG
BOS-JFK,BOS,JFK
BOS-RDU,BOS,RDU
BTR-ATL,BTR,ATL
BTV-ATL,BTV,ATL
BTV-DTW,BTV,DTW
BTV-JFK,BTV,JFK
BTV-LGA,BTV,LGA
BUF-JFK,BUF,JFK
BUF-LGA,BUF,LGA
BWI-JFK,BWI,JFK
DCA-JFK,DCA,JFK
IAD-JFK,IAD,JFK
IAD-MSP,IAD,MSP
CAE-ATL,CAE,ATL
GTR-ATL,GTR,ATL
CHA-ATL,CHA,ATL
CHO-ATL,CHO,ATL
CHS-LGA,CHS,LGA
CID-ATL,CID,ATL
CLT-JFK,CLT,JFK
CMH-MSP,CMH,MSP
MYR-ATL,MYR,ATL
JAX-JFK,JAX,JFK
JAX-LGA,JAX,LGA
CRW-ATL,CRW,ATL
CSG-ATL,CSG,ATL
DAY-MSP,DAY,MSP
DTW-ATW,DTW,ATW
DTW-AUS,DTW,AUS
DTW-AVP,DTW,AVP
DTW-BTV,DTW,BTV
DTW-CLE,DTW,CLE
DTW-CVG,DTW,CVG
DTW-CWA,DTW,CWA
DTW-DAY,DTW,DAY
DTW-DSM,DTW,DSM
DTW-ELM,DTW,ELM
DTW-EVV,DTW,EVV
DTW-EWR,DTW,EWR
DTW-GRB,DTW,GRB
DTW-GRR,DTW,GRR
DTW-IND,DTW,IND
DTW-JFK,DTW,JFK
DTW-LAN,DTW,LAN
DTW-MDT,DTW,MDT
DTW-MSN,DTW,MSN
DTW-PHL,DTW,PHL
DTW-RIC,DTW,RIC
DTW-ROC,DTW,ROC
DTW-SAT,DTW,SAT
DTW-SYR,DTW,SYR
DTW-TVC,DTW,TVC
DTW-TYS,DTW,TYS
DSM-ATL,DSM,ATL
DSM-DTW,DSM,DTW
DSM-MSP,DSM,MSP
MCO-RDU,MCO,RDU
VPS-ATL,VPS,ATL
ELM-ATL,ELM,ATL
ELM-DTW,ELM,DTW
EVV-ATL,EVV,ATL
EVV-DTW,EVV,DTW
EWN-ATL,EWN,ATL
EYW-ATL,EYW,ATL
MSP-ATW,MSP,ATW
MSP-AUS,MSP,AUS
MSP-BDL,MSP,BDL
MSP-BIS,MSP,BIS
MSP-CLE,MSP,CLE
MSP-CMH,MSP,CMH
MSP-CVG,MSP,CVG
MSP-CWA,MSP,CWA
MSP-DAY,MSP,DAY
MSP-DSM,MSP,DSM
MSP-GRR,MSP,GRR
MSP-GTF,MSP,GTF
MSP-HRL,MSP,HRL
MSP-IAD,MSP,IAD
MSP-IND,MSP,IND
MSP-MEM,MSP,MEM
MSP-MKE,MSP,MKE
MSP-MOT,MSP,MOT
MSP-MSN,MSP,MSN
MSP-OMA,MSP,OMA
MSP-PHL,MSP,PHL
MSP-PIT,MSP,PIT
MSP-RDU,MSP,RDU
MSP-RIC,MSP,RIC
MSP-ROC,MSP,ROC
MSP-SAT,MSP,SAT
MSP-SDF,MSP,SDF
EWR-DTW,EWR,DTW
HPN-ATL,HPN,ATL
JFK-BOS,JFK,BOS
JFK-BTV,JFK,BTV
JFK-BUF,JFK,BUF
JFK-BWI,JFK,BWI
JFK-CLE,JFK,CLE
JFK-CLT,JFK,CLT
JFK-CVG,JFK,CVG
JFK-DCA,JFK,DCA
JFK-DTW,JFK,DTW
JFK-IAD,JFK,IAD
JFK-JAX,JFK,JAX
JFK-ORF,JFK,ORF
JFK-PWM,JFK,PWM
JFK-RDU,JFK,RDU
JFK-RIC,JFK,RIC
JFK-SAV,JFK,SAV
JFK-SRQ,JFK,SRQ
JFK-SYR,JFK,SYR
LGA-BGR,LGA,BGR
LGA-BTV,LGA,BTV
LGA-BUF,LGA,BUF
LGA-CHS,LGA,CHS
LGA-CVG,LGA,CVG
LGA-GSO,LGA,GSO
LGA-JAX,LGA,JAX
LGA-ORF,LGA,ORF
LGA-PIT,LGA,PIT
LGA-PWM,LGA,PWM
LGA-RIC,LGA,RIC
LGA-ROC,LGA,ROC
LGA-TYS,LGA,TYS
FSD-ATL,FSD,ATL
FSM-ATL,FSM,ATL
GSP-ATL,GSP,ATL
GTF-MSP,GTF,MSP
GNV-ATL,GNV,ATL
GPT-ATL,GPT,ATL
GRB-DTW,GRB,DTW
GRR-DTW,GRR,DTW
GRR-MSP,GRR,MSP
GSO-ATL,GSO,ATL
GSO-LGA,GSO,LGA
MDT-ATL,MDT,ATL
MDT-DTW,MDT,DTW
HRL-MSP,HRL,MSP
ILM-ATL,ILM,ATL
IND-DTW,IND,DTW
IND-LGA,IND,LGA
IND-MSP,IND,MSP
JAN-ATL,JAN,ATL
LIT-ATL,LIT,ATL
LAN-DTW,LAN,DTW
LEX-ATL,LEX,ATL
LFT-ATL,LFT,ATL
LNK-ATL,LNK,ATL
SDF-ATL,SDF,ATL
SDF-MSP,SDF,MSP
CVG-BOS,CVG,BOS
CVG-DTW,CVG,DTW
CVG-JFK,CVG,JFK
CVG-LGA,CVG,LGA
CVG-MSP,CVG,MSP
TPA-RDU,TPA,RDU
SAT-DTW,SAT,DTW
SAT-MSP,SAT,MSP
MEM-MSP,MEM,MSP
MGM-ATL,MGM,ATL
MOT-MSP,MOT,MSP
OMA-MSP,OMA,MSP
MKE-MSP,MKE,MSP
MSN-DTW,MSN,DTW
MSN-MSP,MSN,MSP
ORF-JFK,ORF,JFK
ORF-LGA,ORF,LGA
PHF-ATL,PHF,ATL
OAJ-ATL,OAJ,ATL
PHL-DTW,PHL,DTW
PHL-MSP,PHL,MSP
PIA-ATL,PIA,ATL
PWM-LGA,PWM,LGA
RAP-MSP,RAP,MSP
RDU-BOS,RDU,BOS
RDU-JFK,RDU,JFK
RDU-LGA,RDU,LGA
RDU-MCO,RDU,MCO
RDU-MSP,RDU,MSP
RDU-TPA,RDU,TPA
RIC-DTW,RIC,DTW
RIC-JFK,RIC,JFK
RIC-LGA,RIC,LGA
ROC-DTW,ROC,DTW
ROC-LGA,ROC,LGA
TUL-ATL,TUL,ATL
SAV-JFK,SAV,JFK
SAV-LGA,SAV,LGA
SGF-ATL,SGF,ATL
SRQ-JFK,SRQ,JFK
SYR-DTW,SYR,DTW
SYR-JFK,SYR,JFK
TLH-ATL,TLH,ATL
TRI-ATL,TRI,ATL
TVC-DTW,TVC,DTW
TYS-ATL,TYS,ATL
TYS-DTW,TYS,DTW
ABQ-DFW,ABQ,DFW
ABQ-ORD,ABQ,ORD
COS-DFW,COS,DFW
DFW-ABQ,DFW,ABQ
DFW-ATL,DFW,ATL
DFW-AUS,DFW,AUS
DFW-BDL,DFW,BDL
DFW-BNA,DFW,BNA
DFW-BOI,DFW,BOI
DFW-BOS,DFW,BOS
DFW-BUF,DFW,BUF
DFW-BWI,DFW,BWI
DFW-BZN,DFW,BZN
DFW-CAE,DFW,CAE
DFW-CHS,DFW,CHS
DFW-CLE,DFW,CLE
DFW-CLT,DFW,CLT
DFW-CMH,DFW,CMH
DFW-COS,DFW,COS
DFW-CVG,DFW,CVG
DFW-DCA,DFW,DCA
DFW-DEN,DFW,DEN
DFW-DSM,DFW,DSM
DFW-EGE,DFW,EGE
DFW-ELP,DFW,ELP
DFW-EWR,DFW,EWR
DFW-FAT,DFW,FAT
DFW-FLL,DFW,FLL
DFW-GEG,DFW,GEG
DFW-GRR,DFW,GRR
DFW-GSP,DFW,GSP
DFW-GUC,DFW,GUC
DFW-HDN,DFW,HDN
DFW-HNL,DFW,HNL
DFW-IAD,DFW,IAD
DFW-IAH,DFW,IAH
DFW-ICT,DFW,ICT
DFW-IND,DFW,IND
DFW-JAC,DFW,JAC
DFW-JAX,DFW,JAX
DFW-JFK,DFW,JFK
DFW-KOA,DFW,KOA
DFW-LAS,DFW,LAS
DFW-LAX,DFW,LAX
DFW-LGA,DFW,LGA
DFW-MCI,DFW,MCI
DFW-MCO,DFW,MCO
DFW-MEM,DFW,MEM
DFW-MIA,DFW,MIA
DFW-MSY,DFW,MSY
DFW-MTJ,DFW,MTJ
DFW-OAK,DFW,OAK
DFW-OGG,DFW,OGG
DFW-OKC,DFW,OKC
DFW-OMA,DFW,OMA
DFW-ONT,DFW,ONT
DFW-ORD,DFW,ORD
DFW-ORF,DFW,ORF
DFW-PBI,DFW,PBI
DFW-PDX,DFW,PDX
DFW-PHL,DFW,PHL
DFW-PHX,DFW,PHX
DFW-PIT,DFW,PIT
DFW-PNS,DFW,PNS
DFW-PSP,DFW,PSP
DFW-RDU,DFW,RDU
DFW-RIC,DFW,RIC
DFW-RNO,DFW,RNO
DFW-RSW,DFW,RSW
DFW-SAN,DFW,SAN
DFW-SAT,DFW,SAT
DFW-SAV,DFW,SAV
DFW-SEA,DFW,SEA
DFW-SFO,DFW,SFO
DFW-SJC,DFW,SJC
DFW-SJU,DFW,SJU
DFW-SLC,DFW,SLC
DFW-SMF,DFW,SMF
DFW-SNA,DFW,SNA
DFW-STL,DFW,STL
DFW-TPA,DFW,TPA
DFW-TUL,DFW,TUL
DFW-TUS,DFW,TUS
DFW-VPS,DFW,VPS
PIT-CLT,PIT,CLT
PIT-DFW,PIT,DFW
PIT-ORD,PIT,ORD
PIT-PHL,PIT,PHL
PIT-PHX,PIT,PHX
ALB-CLT,ALB,CLT
DEN-CLT,DEN,CLT
DEN-DFW,DEN,DFW
DEN-LAX,DEN,LAX
DEN-MIA,DEN,MIA
DEN-ORD,DEN,ORD
DEN-PHL,DEN,PHL
DEN-PHX,DEN,PHX
ATL-CLT,ATL,CLT
ATL-DFW,ATL,DFW
ATL-LAX,ATL,LAX
ATL-LGA,ATL,LGA
ATL-MIA,ATL,MIA
ATL-ORD,ATL,ORD
ATL-PHL,ATL,PHL
ATL-PHX,ATL,PHX
AUS-CLT,AUS,CLT
AUS-DFW,AUS,DFW
AUS-JFK,AUS,JFK
AUS-LAX,AUS,LAX
AUS-MIA,AUS,MIA
AUS-ORD,AUS,ORD
AUS-PHL,AUS,PHL
AUS-PHX,AUS,PHX
TUS-DFW,TUS,DFW
TUS-LAX,TUS,LAX
TUS-ORD,TUS,ORD
TUS-PHX,TUS,PHX
PHX-ATL,PHX,ATL
PHX-AUS,PHX,AUS
PHX-BOI,PHX,BOI
PHX-BOS,PHX,BOS
PHX-BWI,PHX,BWI
PHX-CLT,PHX,CLT
PHX-CMH,PHX,CMH
PHX-DCA,PHX,DCA
PHX-DEN,PHX,DEN
PHX-DFW,PHX,DFW
PHX-DSM,PHX,DSM
PHX-DTW,PHX,DTW
PHX-EWR,PHX,EWR
PHX-GEG,PHX,GEG
PHX-GRR,PHX,GRR
PHX-HNL,PHX,HNL
PHX-IAH,PHX,IAH
PHX-IND,PHX,IND
PHX-JFK,PHX,JFK
PHX-KOA,PHX,KOA
PHX-LAS,PHX,LAS
PHX-LAX,PHX,LAX
PHX-LIH,PHX,LIH
PHX-MCI,PHX,MCI
PHX-MCO,PHX,MCO
PHX-MIA,PHX,MIA
PHX-MKE,PHX,MKE
PHX-MSP,PHX,MSP
PHX-OAK,PHX,OAK
PHX-OGG,PHX,OGG
PHX-OMA,PHX,OMA
PHX-ONT,PHX,ONT
PHX-ORD,PHX,ORD
PHX-PDX,PHX,PDX
PHX-PHL,PHX,PHL
PHX-PIT,PHX,PIT
PHX-RNO,PHX,RNO
PHX-SAN,PHX,SAN
PHX-SAT,PHX,SAT
PHX-SEA,PHX,SEA
PHX-SFO,PHX,SFO
PHX-SJC,PHX,SJC
PHX-SLC,PHX,SLC
PHX-SMF,PHX,SMF
PHX-SNA,PHX,SNA
PHX-STL,PHX,STL
PHX-TPA,PHX,TPA
PHX-TUS,PHX,TUS
BDL-CLT,BDL,CLT
BDL-DFW,BDL,DFW
BDL-LAX,BDL,LAX
BDL-MIA,BDL,MIA
BDL-ORD,BDL,ORD
BDL-PHL,BDL,PHL
SEA-CLT,SEA,CLT
SEA-DFW,SEA,DFW
SEA-JFK,SEA,JFK
SEA-MIA,SEA,MIA
SEA-ORD,SEA,ORD
SEA-PHL,SEA,PHL
SEA-PHX,SEA,PHX
ELP-DFW,ELP,DFW
CLE-CLT,CLE,CLT
CLE-DFW,CLE,DFW
CLE-PHL,CLE,PHL
BNA-CLT,BNA,CLT
BNA-DFW,BNA,DFW
BNA-LAX,BNA,LAX
BNA-MIA,BNA,MIA
BNA-ORD,BNA,ORD
BNA-PHL,BNA,PHL
BOI-DFW,BOI,DFW
BOI-PHX,BOI,PHX
BOS-CLT,BOS,CLT
BOS-DCA,BOS,DCA
BOS-DFW,BOS,DFW
BOS-LAX,BOS,LAX
BOS-LGA,BOS,LGA
BOS-MIA,BOS,MIA
BOS-ORD,BOS,ORD
BOS-PHL,BOS,PHL
BOS-PHX,BOS,PHX
MHT-PHL,MHT,PHL
PVD-CLT,PVD,CLT
PVD-MIA,PVD,MIA
BUF-CLT,BUF,CLT
BUF-DFW,BUF,DFW
BUF-MIA,BUF,MIA
BZN-DFW,BZN,DFW
BWI-CLT,BWI,CLT
BWI-DFW,BWI,DFW
BWI-MIA,BWI,MIA
BWI-ORD,BWI,ORD
BWI-PHX,BWI,PHX
DCA-BOS,DCA,BOS
DCA-CLT,DCA,CLT
DCA-DFW,DCA,DFW
DCA-LAX,DCA,LAX
DCA-MCO,DCA,MCO
DCA-MIA,DCA,MIA
DCA-ORD,DCA,ORD
DCA-PBI,DCA,PBI
DCA-PHL,DCA,PHL
DCA-PHX,DCA,PHX
DCA-RSW,DCA,RSW
DCA-TPA,DCA,TPA
IAD-CLT,IAD,CLT
IAD-DFW,IAD,DFW
IAD-LAX,IAD,LAX
CAE-DFW,CAE,DFW
ICT-DFW,ICT,DFW
ORD-ABQ,ORD,ABQ
ORD-ATL,ORD,ATL
ORD-AUS,ORD,AUS
ORD-BDL,ORD,BDL
ORD-BNA,ORD,BNA
ORD-BOS,ORD,BOS
ORD-BWI,ORD,BWI
ORD-CLT,ORD,CLT
ORD-DCA,ORD,DCA
ORD-DEN,ORD,DEN
ORD-DFW,ORD,DFW
ORD-DTW,ORD,DTW
ORD-EGE,ORD,EGE
ORD-EWR,ORD,EWR
ORD-FLL,ORD,FLL
ORD-HNL,ORD,HNL
ORD-IND,ORD,IND
ORD-JAC,ORD,JAC
ORD-JAX,ORD,JAX
ORD-JFK,ORD,JFK
ORD-LAS,ORD,LAS
ORD-LAX,ORD,LAX
ORD-LGA,ORD,LGA
ORD-MCI,ORD,MCI
ORD-MCO,ORD,MCO
ORD-MIA,ORD,MIA
ORD-MSP,ORD,MSP
ORD-MSY,ORD,MSY
ORD-PBI,ORD,PBI
ORD-PDX,ORD,PDX
ORD-PHL,ORD,PHL
ORD-PHX,ORD,PHX
ORD-PIT,ORD,PIT
ORD-PSP,ORD,PSP
ORD-RDU,ORD,RDU
ORD-RSW,ORD,RSW
ORD-SAN,ORD,SAN
ORD-SAT,ORD,SAT
ORD-SEA,ORD,SEA
ORD-SFO,ORD,SFO
ORD-SJC,ORD,SJC
ORD-SJU,ORD,SJU
ORD-SLC,ORD,SLC
ORD-SMF,ORD,SMF
ORD-SNA,ORD,SNA
ORD-STL,ORD,STL
ORD-TPA,ORD,TPA
ORD-TUS,ORD,TUS
CHS-CLT,CHS,CLT
CHS-DFW,CHS,DFW
CLT-ALB,CLT,ALB
CLT-ATL,CLT,ATL
CLT-AUS,CLT,AUS
CLT-BDL,CLT,BDL
CLT-BNA,CLT,BNA
CLT-BOS,CLT,BOS
CLT-BUF,CLT,BUF
CLT-BWI,CLT,BWI
CLT-CHS,CLT,CHS
CLT-CLE,CLT,CLE
CLT-DCA,CLT,DCA
CLT-DEN,CLT,DEN
CLT-DFW,CLT,DFW
CLT-DTW,CLT,DTW
CLT-EWR,CLT,EWR
CLT-FLL,CLT,FLL
CLT-GSO,CLT,GSO
CLT-IAD,CLT,IAD
CLT-IAH,CLT,IAH
CLT-ILM,CLT,ILM
CLT-IND,CLT,IND
CLT-JAX,CLT,JAX
CLT-LAS,CLT,LAS
CLT-LAX,CLT,LAX
CLT-LGA,CLT,LGA
CLT-MCI,CLT,MCI
CLT-MCO,CLT,MCO
CLT-MDT,CLT,MDT
CLT-MEM,CLT,MEM
CLT-MIA,CLT,MIA
CLT-MSP,CLT,MSP
CLT-MSY,CLT,MSY
CLT-ORD,CLT,ORD
CLT-ORF,CLT,ORF
CLT-PBI,CLT,PBI
CLT-PDX,CLT,PDX
CLT-PHL,CLT,PHL
CLT-PHX,CLT,PHX
CLT-PIT,CLT,PIT
CLT-PVD,CLT,PVD
CLT-PWM,CLT,PWM
CLT-RDU,CLT,RDU
CLT-RIC,CLT,RIC
CLT-RSW,CLT,RSW
CLT-SAN,CLT,SAN
CLT-SAT,CLT,SAT
CLT-SAV,CLT,SAV
CLT-SEA,CLT,SEA
CLT-SFO,CLT,SFO
CLT-SJU,CLT,SJU
CLT-SLC,CLT,SLC
CLT-SMF,CLT,SMF
CLT-SRQ,CLT,SRQ
CLT-STL,CLT,STL
CLT-STT,CLT,STT
CLT-SYR,CLT,SYR
CLT-TPA,CLT,TPA
CLT-TUL,CLT,TUL
CLT-TUS,CLT,TUS
CMH-DFW,CMH,DFW
CMH-LAX,CMH,LAX
CMH-PHX,CMH,PHX
STL-CLT,STL,CLT
STL-DFW,STL,DFW
STL-LAX,STL,LAX
STL-MIA,STL,MIA
STL-ORD,STL,ORD
STL-PHX,STL,PHX
JAX-CLT,JAX,CLT
JAX-DFW,JAX,DFW
JAX-ORD,JAX,ORD
JAX-PHL,JAX,PHL
DTW-CLT,DTW,CLT
DTW-DFW,DTW,DFW
DTW-MIA,DTW,MIA
DTW-ORD,DTW,ORD
DTW-PHX,DTW,PHX
DSM-DFW,DSM,DFW
DSM-PHX,DSM,PHX
IAH-CLT,IAH,CLT
IAH-DFW,IAH,DFW
IAH-LAX,IAH,LAX
IAH-MIA,IAH,MIA
IAH-PHL,IAH,PHL
IAH-PHX,IAH,PHX
MCO-CLT,MCO,CLT
MCO-DCA,MCO,DCA
MCO-DFW,MCO,DFW
MCO-JFK,MCO,JFK
MCO-LAX,MCO,LAX
MCO-LGA,MCO,LGA
MCO-MIA,MCO,MIA
MCO-ORD,MCO,ORD
MCO-PHL,MCO,PHL
MCO-PHX,MCO,PHX
EGE-DFW,EGE,DFW
EGE-JFK,EGE,JFK
EGE-LAX,EGE,LAX
EGE-MIA,EGE,MIA
EGE-ORD,EGE,ORD
VPS-DFW,VPS,DFW
FAT-DFW,FAT,DFW
MSP-CLT,MSP,CLT
MSP-DFW,MSP,DFW
MSP-ORD,MSP,ORD
MSP-PHX,MSP,PHX
EWR-CLT,EWR,CLT
EWR-DFW,EWR,DFW
EWR-MIA,EWR,MIA
EWR-ORD,EWR,ORD
EWR-PHX,EWR,PHX
JFK-AUS,JFK,AUS
JFK-DFW,JFK,DFW
JFK-EGE,JFK,EGE
JFK-LAS,JFK,LAS
JFK-LAX,JFK,LAX
JFK-MCO,JFK,MCO
JFK-MIA,JFK,MIA
JFK-ORD,JFK,ORD
JFK-PHX,JFK,PHX
JFK-SAN,JFK,SAN
JFK-SEA,JFK,SEA
JFK-SFO,JFK,SFO
LGA-ATL,LGA,ATL
LGA-BOS,LGA,BOS
LGA-CLT,LGA,CLT
LGA-DFW,LGA,DFW
LGA-MIA,LGA,MIA
LGA-ORD,LGA,ORD
LGA-PHL,LGA,PHL
RSW-CLT,RSW,CLT
RSW-DCA,RSW,DCA
RSW-DFW,RSW,DFW
RSW-ORD,RSW,ORD
RSW-PHL,RSW,PHL
GSP-DFW,GSP,DFW
GEG-DFW,GEG,DFW
GEG-PHX,GEG,PHX
GRR-DFW,GRR,DFW
GRR-PHX,GRR,PHX
GSO-CLT,GSO,CLT
GUC-DFW,GUC,DFW
MDT-CLT,MDT,CLT
HNL-DFW,HNL,DFW
HNL-LAX,HNL,LAX
HNL-ORD,HNL,ORD
HNL-PHX,HNL,PHX
LAS-CLT,LAS,CLT
LAS-DCA,LAS,DCA
LAS-DFW,LAS,DFW
LAS-JFK,LAS,JFK
LAS-LAX,LAS,LAX
LAS-MIA,LAS,MIA
LAS-ORD,LAS,ORD
LAS-PHL,LAS,PHL
LAS-PHX,LAS,PHX
ILM-CLT,ILM,CLT
IND-CLT,IND,CLT
IND-DFW,IND,DFW
IND-LAX,IND,LAX
IND-ORD,IND,ORD
IND-PHX,IND,PHX
JAC-DFW,JAC,DFW
JAC-ORD,JAC,ORD
OAK-DFW,OAK,DFW
OAK-PHX,OAK,PHX
SFO-CLT,SFO,CLT
SFO-DFW,SFO,DFW
SFO-JFK,SFO,JFK
SFO-LAX,SFO,LAX
SFO-MIA,SFO,MIA
SFO-ORD,SFO,ORD
SFO-PHL,SFO,PHL
SFO-PHX,SFO,PHX
SJC-DFW,SJC,DFW
SJC-ORD,SJC,ORD
SJC-PHX,SJC,PHX
FLL-CLT,FLL,CLT
FLL-DFW,FLL,DFW
FLL-ORD,FLL,ORD
FLL-PHL,FLL,PHL
MIA-ATL,MIA,ATL
MIA-AUS,MIA,AUS
MIA-BDL,MIA,BDL
MIA-BNA,MIA,BNA
MIA-BOS,MIA,BOS
MIA-BUF,MIA,BUF
MIA-BWI,MIA,BWI
MIA-CLT,MIA,CLT
MIA-DCA,MIA,DCA
MIA-DEN,MIA,DEN
MIA-DFW,MIA,DFW
MIA-DTW,MIA,DTW
MIA-EGE,MIA,EGE
MIA-EWR,MIA,EWR
MIA-IAH,MIA,IAH
MIA-JFK,MIA,JFK
MIA-LAS,MIA,LAS
MIA-LAX,MIA,LAX
MIA-LGA,MIA,LGA
MIA-MCO,MIA,MCO
MIA-MSY,MIA,MSY
MIA-ORD,MIA,ORD
MIA-PHL,MIA,PHL
MIA-PHX,MIA,PHX
MIA-PVD,MIA,PVD
MIA-RDU,MIA,RDU
MIA-SAN,MIA,SAN
MIA-SAT,MIA,SAT
MIA-SEA,MIA,SEA
MIA-SFO,MIA,SFO
MIA-SJU,MIA,SJU
MIA-STL,MIA,STL
MIA-STT,MIA,STT
MIA-STX,MIA,STX
MIA-TPA,MIA,TPA
LAX-ATL,LAX,ATL
LAX-AUS,LAX,AUS
LAX-BDL,LAX,BDL
LAX-BNA,LAX,BNA
LAX-BOS,LAX,BOS
LAX-CLT,LAX,CLT
LAX-CMH,LAX,CMH
LAX-DCA,LAX,DCA
LAX-DEN,LAX,DEN
LAX-DFW,LAX,DFW
LAX-EGE,LAX,EGE
LAX-HNL,LAX,HNL
LAX-IAD,LAX,IAD
LAX-IAH,LAX,IAH
LAX-IND,LAX,IND
LAX-JFK,LAX,JFK
LAX-KOA,LAX,KOA
LAX-LAS,LAX,LAS
LAX-LIH,LAX,LIH
LAX-MCO,LAX,MCO
LAX-MIA,LAX,MIA
LAX-MSY,LAX,MSY
LAX-OGG,LAX,OGG
LAX-ORD,LAX,ORD
LAX-PHL,LAX,PHL
LAX-PHX,LAX,PHX
LAX-RDU,LAX,RDU
LAX-SAT,LAX,SAT
LAX-SFO,LAX,SFO
LAX-SMF,LAX,SMF
LAX-STL,LAX,STL
LAX-TUS,LAX,TUS
ONT-DFW,ONT,DFW
ONT-PHX,ONT,PHX
SNA-DFW,SNA,DFW
SNA-ORD,SNA,ORD
SNA-PHX,SNA,PHX
KOA-DFW,KOA,DFW
KOA-LAX,KOA,LAX
KOA-PHX,KOA,PHX
LIH-LAX,LIH,LAX
LIH-PHX,LIH,PHX
CVG-DFW,CVG,DFW
SMF-CLT,SMF,CLT
SMF-DFW,SMF,DFW
SMF-LAX,SMF,LAX
SMF-ORD,SMF,ORD
SMF-PHX,SMF,PHX
TPA-CLT,TPA,CLT
TPA-DCA,TPA,DCA
TPA-DFW,TPA,DFW
TPA-MIA,TPA,MIA
TPA-ORD,TPA,ORD
TPA-PHL,TPA,PHL
TPA-PHX,TPA,PHX
MCI-CLT,MCI,CLT
MCI-DFW,MCI,DFW
MCI-ORD,MCI,ORD
MCI-PHL,MCI,PHL
MCI-PHX,MCI,PHX
SAT-CLT,SAT,CLT
SAT-DFW,SAT,DFW
SAT-LAX,SAT,LAX
SAT-MIA,SAT,MIA
SAT-ORD,SAT,ORD
SAT-PHL,SAT,PHL
SAT-PHX,SAT,PHX
MEM-CLT,MEM,CLT
MEM-DFW,MEM,DFW
OMA-DFW,OMA,DFW
OMA-PHX,OMA,PHX
MKE-PHX,MKE,PHX
MSY-CLT,MSY,CLT
MSY-DFW,MSY,DFW
MSY-LAX,MSY,LAX
MSY-MIA,MSY,MIA
MSY-ORD,MSY,ORD
MSY-PHL,MSY,PHL
MTJ-DFW,MTJ,DFW
SAN-CLT,SAN,CLT
SAN-DFW,SAN,DFW
SAN-JFK,SAN,JFK
SAN-MIA,SAN,MIA
SAN-ORD,SAN,ORD
SAN-PHL,SAN,PHL
SAN-PHX,SAN,PHX
ORF-CLT,ORF,CLT
ORF-DFW,ORF,DFW
PNS-DFW,PNS,DFW
OGG-DFW,OGG,DFW
OGG-LAX,OGG,LAX
OGG-PHX,OGG,PHX
OKC-DFW,OKC,DFW
PBI-CLT,PBI,CLT
PBI-DCA,PBI,DCA
PBI-DFW,PBI,DFW
PBI-ORD,PBI,ORD
PBI-PHL,PBI,PHL
PDX-CLT,PDX,CLT
PDX-DFW,PDX,DFW
PDX-ORD,PDX,ORD
PDX-PHX,PDX,PHX
PHL-ATL,PHL,ATL
PHL-AUS,PHL,AUS
PHL-BDL,PHL,BDL
PHL-BNA,PHL,BNA
PHL-BOS,PHL,BOS
PHL-CLE,PHL,CLE
PHL-CLT,PHL,CLT
PHL-DCA,PHL,DCA
PHL-DEN,PHL,DEN
PHL-DFW,PHL,DFW
PHL-FLL,PHL,FLL
PHL-IAH,PHL,IAH
PHL-JAX,PHL,JAX
PHL-LAS,PHL,LAS
PHL-LAX,PHL,LAX
PHL-LGA,PHL,LGA
PHL-MCI,PHL,MCI
PHL-MCO,PHL,MCO
PHL-MHT,PHL,MHT
PHL-MIA,PHL,MIA
PHL-MSY,PHL,MSY
PHL-ORD,PHL,ORD
PHL-PBI,PHL,PBI
PHL-PHX,PHL,PHX
PHL-PIT,PHL,PIT
PHL-PWM,PHL,PWM
PHL-RDU,PHL,RDU
PHL-RSW,PHL,RSW
PHL-SAN,PHL,SAN
PHL-SAT,PHL,SAT
PHL-SFO,PHL,SFO
PHL-SJU,PHL,SJU
PHL-SLC,PHL,SLC
PHL-STT,PHL,STT
PHL-TPA,PHL,TPA
PSP-DFW,PSP,DFW
PSP-ORD,PSP,ORD
PWM-CLT,PWM,CLT
PWM-PHL,PWM,PHL
RDU-CLT,RDU,CLT
RDU-DFW,RDU,DFW
RDU-LAX,RDU,LAX
RDU-MIA,RDU,MIA
RDU-ORD,RDU,ORD
RDU-PHL,RDU,PHL
RIC-CLT,RIC,CLT
RIC-DFW,RIC,DFW
RNO-DFW,RNO,DFW
RNO-PHX,RNO,PHX
SLC-DFW,SLC,DFW
SLC-ORD,SLC,ORD
SLC-PHL,SLC,PHL
SLC-PHX,SLC,PHX
TUL-CLT,TUL,CLT
TUL-DFW,TUL,DFW
SAV-CLT,SAV,CLT
SAV-DFW,SAV,DFW
HDN-DFW,HDN,DFW
SJU-CLT,SJU,CLT
SJU-DFW,SJU,DFW
SJU-MIA,SJU,MIA
SJU-ORD,SJU,ORD
SJU-PHL,SJU,PHL
STT-CLT,STT,CLT
STT-MIA,STT,MIA
STT-PHL,STT,PHL
SRQ-CLT,SRQ,CLT
STX-MIA,STX,MIA
SYR-CLT,SYR,CLT
ADQ-ANC,ADQ,ANC
SCC-ANC,SCC,ANC
SCC-BRW,SCC,BRW
BRW-ANC,BRW,ANC
BRW-FAI,BRW,FAI
BET-ANC,BET,ANC
ABQ-SEA,ABQ,SEA
PIT-SEA,PIT,SEA
ANC-ADQ,ANC,ADQ
ANC-BET,ANC,BET
ANC-FAI,ANC,FAI
ANC-HNL,ANC,HNL
ANC-JNU,ANC,JNU
ANC-LAX,ANC,LAX
ANC-OGG,ANC,OGG
ANC-OME,ANC,OME
ANC-ORD,ANC,ORD
ANC-OTZ,ANC,OTZ
ANC-PDX,ANC,PDX
ANC-PHX,ANC,PHX
ANC-SCC,ANC,SCC
ANC-SEA,ANC,SEA
DEN-SEA,DEN,SEA
ATL-SEA,ATL,SEA
AUS-PDX,AUS,PDX
AUS-SEA,AUS,SEA
AUS-SFO,AUS,SFO
TUS-SEA,TUS,SEA
PHX-ANC,PHX,ANC
SEA-ABQ,SEA,ABQ
SEA-ANC,SEA,ANC
SEA-ATL,SEA,ATL
SEA-AUS,SEA,AUS
SEA-BLI,SEA,BLI
SEA-BNA,SEA,BNA
SEA-BOI,SEA,BOI
SEA-BOS,SEA,BOS
SEA-BUR,SEA,BUR
SEA-BWI,SEA,BWI
SEA-DCA,SEA,DCA
SEA-DEN,SEA,DEN
SEA-DTW,SEA,DTW
SEA-EWR,SEA,EWR
SEA-FAI,SEA,FAI
SEA-FLL,SEA,FLL
SEA-GEG,SEA,GEG
SEA-HNL,SEA,HNL
SEA-IAD,SEA,IAD
SEA-IAH,SEA,IAH
SEA-IND,SEA,IND
SEA-JNU,SEA,JNU
SEA-KOA,SEA,KOA
SEA-KTN,SEA,KTN
SEA-LAS,SEA,LAS
SEA-LAX,SEA,LAX
SEA-LIH,SEA,LIH
SEA-MCI,SEA,MCI
SEA-MCO,SEA,MCO
SEA-MKE,SEA,MKE
SEA-MSP,SEA,MSP
SEA-MSY,SEA,MSY
SEA-OAK,SEA,OAK
SEA-OGG,SEA,OGG
SEA-OMA,SEA,OMA
SEA-ONT,SEA,ONT
SEA-PDX,SEA,PDX
SEA-PIT,SEA,PIT
SEA-PSP,SEA,PSP
SEA-RDU,SEA,RDU
SEA-SAN,SEA,SAN
SEA-SAT,SEA,SAT
SEA-SBA,SEA,SBA
SEA-SFO,SEA,SFO
SEA-SJC,SEA,SJC
SEA-SLC,SEA,SLC
SEA-SMF,SEA,SMF
SEA-SNA,SEA,SNA
SEA-STL,SEA,STL
SEA-TPA,SEA,TPA
SEA-TUS,SEA,TUS
BLI-KOA,BLI,KOA
BLI-SEA,BLI,SEA
BNA-SEA,BNA,SEA
BNA-SFO,BNA,SFO
BOI-SEA,BOI,SEA
BOS-PDX,BOS,PDX
BOS-SAN,BOS,SAN
BOS-SEA,BOS,SEA
BOS-SFO,BOS,SFO
BWI-LAX,BWI,LAX
BWI-SAN,BWI,SAN
BWI-SEA,BWI,SEA
BWI-SFO,BWI,SFO
DCA-PDX,DCA,PDX
DCA-SEA,DCA,SEA
DCA-SFO,DCA,SFO
IAD-SEA,IAD,SEA
IAD-SFO,IAD,SFO
ORD-ANC,ORD,ANC
STL-SEA,STL,SEA
DTW-SEA,DTW,SEA
KTN-JNU,KTN,JNU
KTN-SEA,KTN,SEA
KTN-SIT,KTN,SIT
KTN-WRG,KTN,WRG
IAH-SEA,IAH,SEA
MCO-PDX,MCO,PDX
MCO-SAN,MCO,SAN
MCO-SEA,MCO,SEA
MCO-SFO,MCO,SFO
FAI-ANC,FAI,ANC
FAI-SCC,FAI,SCC
FAI-SEA,FAI,SEA
MSP-SEA,MSP,SEA
EWR-LAX,EWR,LAX
EWR-PDX,EWR,PDX
EWR-SAN,EWR,SAN
EWR-SEA,EWR,SEA
EWR-SFO,EWR,SFO
EWR-SJC,EWR,SJC
JFK-PDX,JFK,PDX
JFK-PSP,JFK,PSP
JFK-SJC,JFK,SJC
GEG-SEA,GEG,SEA
HNL-ANC,HNL,ANC
HNL-OAK,HNL,OAK
HNL-PDX,HNL,PDX
HNL-SAN,HNL,SAN
HNL-SEA,HNL,SEA
HNL-SFO,HNL,SFO
HNL-SJC,HNL,SJC
LAS-PDX,LAS,PDX
LAS-SEA,LAS,SEA
LAS-SFO,LAS,SFO
IND-SEA,IND,SEA
OAK-HNL,OAK,HNL
OAK-KOA,OAK,KOA
OAK-LIH,OAK,LIH
OAK-OGG,OAK,OGG
OAK-SEA,OAK,SEA
SFO-AUS,SFO,AUS
SFO-BNA,SFO,BNA
SFO-BOS,SFO,BOS
SFO-BWI,SFO,BWI
SFO-DCA,SFO,DCA
SFO-EWR,SFO,EWR
SFO-FLL,SFO,FLL
SFO-HNL,SFO,HNL
SFO-IAD,SFO,IAD
SFO-LAS,SFO,LAS
SFO-MCO,SFO,MCO
SFO-MSY,SFO,MSY
SFO-OGG,SFO,OGG
SFO-PDX,SFO,PDX
SFO-PSP,SFO,PSP
SFO-RDU,SFO,RDU
SFO-SAN,SFO,SAN
SFO-SEA,SFO,SEA
SJC-EWR,SJC,EWR
SJC-HNL,SJC,HNL
SJC-JFK,SJC,JFK
SJC-KOA,SJC,KOA
SJC-LIH,SJC,LIH
SJC-OGG,SJC,OGG
SJC-PDX,SJC,PDX
SJC-SEA,SJC,SEA
FLL-LAX,FLL,LAX
FLL-SEA,FLL,SEA
FLL-SFO,FLL,SFO
JNU-ANC,JNU,ANC
JNU-KTN,JNU,KTN
JNU-PSG,JNU,PSG
JNU-SEA,JNU,SEA
JNU-SIT,JNU,SIT
BUR-SEA,BUR,SEA
LAX-ANC,LAX,ANC
LAX-BWI,LAX,BWI
LAX-EWR,LAX,EWR
LAX-FLL,LAX,FLL
LAX-PDX,LAX,PDX
LAX-SEA,LAX,SEA
ONT-SEA,ONT,SEA
SNA-PDX,SNA,PDX
SNA-SEA,SNA,SEA
KOA-BLI,KOA,BLI
KOA-OAK,KOA,OAK
KOA-PDX,KOA,PDX
KOA-SAN,KOA,SAN
KOA-SEA,KOA,SEA
KOA-SFO,KOA,SFO
KOA-SJC,KOA,SJC
LIH-OAK,LIH,OAK
LIH-PDX,LIH,PDX
LIH-SAN,LIH,SAN
LIH-SEA,LIH,SEA
LIH-SJC,LIH,SJC
SMF-KOA,SMF,KOA
SMF-OGG,SMF,OGG
SMF-SEA,SMF,SEA
TPA-SEA,TPA,SEA
MCI-SEA,MCI,SEA
SAT-SEA,SAT,SEA
OMA-SEA,OMA,SEA
MKE-SEA,MKE,SEA
MSY-SEA,MSY,SEA
MSY-SFO,MSY,SFO
SAN-BOS,SAN,BOS
SAN-BWI,SAN,BWI
SAN-EWR,SAN,EWR
SAN-HNL,SAN,HNL
SAN-KOA,SAN,KOA
SAN-LIH,SAN,LIH
SAN-MCO,SAN,MCO
SAN-OGG,SAN,OGG
SAN-PDX,SAN,PDX
SAN-SEA,SAN,SEA
SAN-SFO,SAN,SFO
OGG-ANC,OGG,ANC
OGG-OAK,OGG,OAK
OGG-PDX,OGG,PDX
OGG-SAN,OGG,SAN
OGG-SEA,OGG,SEA
OGG-SFO,OGG,SFO
OGG-SJC,OGG,SJC
OGG-SMF,OGG,SMF
OME-ANC,OME,ANC
OME-OTZ,OME,OTZ
OTZ-ANC,OTZ,ANC
PDX-ANC,PDX,ANC
PDX-AUS,PDX,AUS
PDX-BOS,PDX,BOS
PDX-DCA,PDX,DCA
PDX-EWR,PDX,EWR
PDX-HNL,PDX,HNL
PDX-JFK,PDX,JFK
PDX-KOA,PDX,KOA
PDX-LAS,PDX,LAS
PDX-LAX,PDX,LAX
PDX-LIH,PDX,LIH
PDX-MCO,PDX,MCO
PDX-OGG,PDX,OGG
PDX-PSP,PDX,PSP
PDX-SAN,PDX,SAN
PDX-SEA,PDX,SEA
PDX-SFO,PDX,SFO
PDX-SJC,PDX,SJC
PDX-SNA,PDX,SNA
PHL-SEA,PHL,SEA
PSG-JNU,PSG,JNU
PSG-WRG,PSG,WRG
PSP-JFK,PSP,JFK
PSP-PDX,PSP,PDX
PSP-SEA,PSP,SEA
PSP-SFO,PSP,SFO
RDU-SEA,RDU,SEA
RDU-SFO,RDU,SFO
SLC-SEA,SLC,SEA
SBA-SEA,SBA,SEA
SIT-JNU,SIT,JNU
SIT-KTN,SIT,KTN
WRG-KTN,WRG,KTN
WRG-PSG,WRG,PSG
ABQ-JFK,ABQ,JFK
PIT-FLL,PIT,FLL
ALB-FLL,ALB,FLL
ALB-MCO,ALB,MCO
DEN-BOS,DEN,BOS
DEN-JFK,DEN,JFK
ATL-BOS,ATL,BOS
ATL-FLL,ATL,FLL
ATL-JFK,ATL,JFK
ATL-MCO,ATL,MCO
AUS-BOS,AUS,BOS
AUS-FLL,AUS,FLL
AUS-LGB,AUS,LGB
AUS-MCO,AUS,MCO
BDL-DCA,BDL,DCA
BDL-FLL,BDL,FLL
BDL-MCO,BDL,MCO
BDL-PBI,BDL,PBI
BDL-RSW,BDL,RSW
BDL-SJU,BDL,SJU
BDL-TPA,BDL,TPA
SEA-LGB,SEA,LGB
CLE-BOS,CLE,BOS
CLE-FLL,CLE,FLL
BNA-FLL,BNA,FLL
BOS-ATL,BOS,ATL
BOS-AUS,BOS,AUS
BOS-BUF,BOS,BUF
BOS-BUR,BOS,BUR
BOS-BWI,BOS,BWI
BOS-CHS,BOS,CHS
BOS-CLE,BOS,CLE
BOS-DEN,BOS,DEN
BOS-DTW,BOS,DTW
BOS-EWR,BOS,EWR
BOS-FLL,BOS,FLL
BOS-HOU,BOS,HOU
BOS-IAD,BOS,IAD
BOS-JAX,BOS,JAX
BOS-LAS,BOS,LAS
BOS-LGB,BOS,LGB
BOS-MCO,BOS,MCO
BOS-MSP,BOS,MSP
BOS-MSY,BOS,MSY
BOS-PBI,BOS,PBI
BOS-PIT,BOS,PIT
BOS-RIC,BOS,RIC
BOS-RSW,BOS,RSW
BOS-SAV,BOS,SAV
BOS-SJC,BOS,SJC
BOS-SJU,BOS,SJU
BOS-SLC,BOS,SLC
BOS-SMF,BOS,SMF
BOS-SRQ,BOS,SRQ
BOS-SYR,BOS,SYR
BOS-TPA,BOS,TPA
PVD-FLL,PVD,FLL
PVD-MCO,PVD,MCO
BQN-FLL,BQN,FLL
BQN-JFK,BQN,JFK
BQN-MCO,BQN,MCO
BUF-BOS,BUF,BOS
BUF-FLL,BUF,FLL
BUF-LAX,BUF,LAX
BUF-MCO,BUF,MCO
BWI-BOS,BWI,BOS
BWI-FLL,BWI,FLL
BWI-MCO,BWI,MCO
DCA-BDL,DCA,BDL
DCA-CHS,DCA,CHS
DCA-FLL,DCA,FLL
DCA-JAX,DCA,JAX
DCA-SJU,DCA,SJU
IAD-BOS,IAD,BOS
CHS-BOS,CHS,BOS
CHS-DCA,CHS,DCA
CHS-FLL,CHS,FLL
CHS-JFK,CHS,JFK
JAX-BOS,JAX,BOS
JAX-DCA,JAX,DCA
JAX-FLL,JAX,FLL
DAB-JFK,DAB,JFK
DTW-BOS,DTW,BOS
DTW-FLL,DTW,FLL
HOU-BOS,HOU,BOS
HOU-JFK,HOU,JFK
MCO-ALB,MCO,ALB
MCO-ATL,MCO,ATL
MCO-AUS,MCO,AUS
MCO-BDL,MCO,BDL
MCO-BOS,MCO,BOS
MCO-BQN,MCO,BQN
MCO-BUF,MCO,BUF
MCO-BWI,MCO,BWI
MCO-EWR,MCO,EWR
MCO-HPN,MCO,HPN
MCO-ORH,MCO,ORH
MCO-PSE,MCO,PSE
MCO-PVD,MCO,PVD
MCO-RIC,MCO,RIC
MCO-SJU,MCO,SJU
MCO-SLC,MCO,SLC
MCO-SWF,MCO,SWF
MCO-SYR,MCO,SYR
MSP-BOS,MSP,BOS
EWR-BOS,EWR,BOS
EWR-FLL,EWR,FLL
EWR-MCO,EWR,MCO
EWR-PBI,EWR,PBI
EWR-RSW,EWR,RSW
EWR-SJU,EWR,SJU
EWR-TPA,EWR,TPA
HPN-FLL,HPN,FLL
HPN-MCO,HPN,MCO
HPN-PBI,HPN,PBI
HPN-RSW,HPN,RSW
HPN-TPA,HPN,TPA
JFK-ABQ,JFK,ABQ
JFK-ATL,JFK,ATL
JFK-BQN,JFK,BQN
JFK-BUR,JFK,BUR
JFK-CHS,JFK,CHS
JFK-DAB,JFK,DAB
JFK-DEN,JFK,DEN
JFK-FLL,JFK,FLL
JFK-HOU,JFK,HOU
JFK-LGB,JFK,LGB
JFK-MSY,JFK,MSY
JFK-OAK,JFK,OAK
JFK-ONT,JFK,ONT
JFK-ORH,JFK,ORH
JFK-PBI,JFK,PBI
JFK-PSE,JFK,PSE
JFK-RNO,JFK,RNO
JFK-ROC,JFK,ROC
JFK-RSW,JFK,RSW
JFK-SJU,JFK,SJU
JFK-SLC,JFK,SLC
JFK-SMF,JFK,SMF
JFK-TPA,JFK,TPA
LGA-FLL,LGA,FLL
LGA-MCO,LGA,MCO
LGA-PBI,LGA,PBI
SWF-FLL,SWF,FLL
SWF-MCO,SWF,MCO
RSW-BDL,RSW,BDL
RSW-BOS,RSW,BOS
RSW-EWR,RSW,EWR
RSW-HPN,RSW,HPN
RSW-JFK,RSW,JFK
LAS-BOS,LAS,BOS
LAS-FLL,LAS,FLL
LAS-LGB,LAS,LGB
OAK-JFK,OAK,JFK
OAK-LGB,OAK,LGB
SFO-LGB,SFO,LGB
SJC-BOS,SJC,BOS
SJC-LGB,SJC,LGB
FLL-ALB,FLL,ALB
FLL-ATL,FLL,ATL
FLL-AUS,FLL,AUS
FLL-BDL,FLL,BDL
FLL-BNA,FLL,BNA
FLL-BOS,FLL,BOS
FLL-BQN,FLL,BQN
FLL-BUF,FLL,BUF
FLL-BWI,FLL,BWI
FLL-CHS,FLL,CHS
FLL-CLE,FLL,CLE
FLL-DCA,FLL,DCA
FLL-DTW,FLL,DTW
FLL-EWR,FLL,EWR
FLL-HPN,FLL,HPN
FLL-JAX,FLL,JAX
FLL-JFK,FLL,JFK
FLL-LAS,FLL,LAS
FLL-LGA,FLL,LGA
FLL-LGB,FLL,LGB
FLL-MSY,FLL,MSY
FLL-ORH,FLL,ORH
FLL-PIT,FLL,PIT
FLL-PVD,FLL,PVD
FLL-RDU,FLL,RDU
FLL-RIC,FLL,RIC
FLL-SAN,FLL,SAN
FLL-SJU,FLL,SJU
FLL-SLC,FLL,SLC
FLL-SWF,FLL,SWF
FLL-SYR,FLL,SYR
BUR-BOS,BUR,BOS
BUR-JFK,BUR,JFK
LAX-BUF,LAX,BUF
LGB-AUS,LGB,AUS
LGB-BOS,LGB,BOS
LGB-FLL,LGB,FLL
LGB-JFK,LGB,JFK
LGB-LAS,LGB,LAS
LGB-OAK,LGB,OAK
LGB-PDX,LGB,PDX
LGB-RNO,LGB,RNO
LGB-SEA,LGB,SEA
LGB-SFO,LGB,SFO
LGB-SJC,LGB,SJC
LGB-SLC,LGB,SLC
LGB-SMF,LGB,SMF
ONT-JFK,ONT,JFK
SMF-BOS,SMF,BOS
SMF-JFK,SMF,JFK
SMF-LGB,SMF,LGB
TPA-BDL,TPA,BDL
TPA-BOS,TPA,BOS
TPA-EWR,TPA,EWR
TPA-HPN,TPA,HPN
TPA-JFK,TPA,JFK
TPA-SJU,TPA,SJU
MSY-BOS,MSY,BOS
MSY-FLL,MSY,FLL
MSY-JFK,MSY,JFK
SAN-FLL,SAN,FLL
ORH-FLL,ORH,FLL
ORH-JFK,ORH,JFK
ORH-MCO,ORH,MCO
PBI-BDL,PBI,BDL
PBI-BOS,PBI,BOS
PBI-EWR,PBI,EWR
PBI-HPN,PBI,HPN
PBI-JFK,PBI,JFK
PBI-LGA,PBI,LGA
PDX-LGB,PDX,LGB
PSE-JFK,PSE,JFK
PSE-MCO,PSE,MCO
PWM-JFK,PWM,JFK
RDU-FLL,RDU,FLL
RIC-BOS,RIC,BOS
RIC-FLL,RIC,FLL
RIC-MCO,RIC,MCO
RNO-JFK,RNO,JFK
RNO-LGB,RNO,LGB
ROC-JFK,ROC,JFK
SLC-BOS,SLC,BOS
SLC-FLL,SLC,FLL
SLC-JFK,SLC,JFK
SLC-LGB,SLC,LGB
SLC-MCO,SLC,MCO
SAV-BOS,SAV,BOS
SJU-BDL,SJU,BDL
SJU-BOS,SJU,BOS
SJU-DCA,SJU,DCA
SJU-EWR,SJU,EWR
SJU-FLL,SJU,FLL
SJU-JFK,SJU,JFK
SJU-MCO,SJU,MCO
SJU-STT,SJU,STT
SJU-STX,SJU,STX
SJU-TPA,SJU,TPA
STT-SJU,STT,SJU
SRQ-BOS,SRQ,BOS
STX-SJU,STX,SJU
SYR-BOS,SYR,BOS
SYR-FLL,SYR,FLL
SYR-MCO,SYR,MCO
ABQ-ATL,ABQ,ATL
ABQ-MSP,ABQ,MSP
COS-ATL,COS,ATL
DAL-ATL,DAL,ATL
PIT-ATL,PIT,ATL
PIT-DTW,PIT,DTW
PIT-SLC,PIT,SLC
ALB-ATL,ALB,ATL
DEN-ATL,DEN,ATL
DEN-DTW,DEN,DTW
DEN-LGA,DEN,LGA
DEN-MSP,DEN,MSP
DEN-SLC,DEN,SLC
ATL-ABQ,ATL,ABQ
ATL-ALB,ATL,ALB
ATL-ATW,ATL,ATW
ATL-AUS,ATL,AUS
ATL-AVP,ATL,AVP
ATL-BDL,ATL,BDL
ATL-BNA,ATL,BNA
ATL-BUF,ATL,BUF
ATL-BWI,ATL,BWI
ATL-BZN,ATL,BZN
ATL-CHS,ATL,CHS
ATL-CLE,ATL,CLE
ATL-CMH,ATL,CMH
ATL-COS,ATL,COS
ATL-CVG,ATL,CVG
ATL-DAB,ATL,DAB
ATL-DAL,ATL,DAL
ATL-DAY,ATL,DAY
ATL-DCA,ATL,DCA
ATL-DEN,ATL,DEN
ATL-DTW,ATL,DTW
ATL-ECP,ATL,ECP
ATL-EGE,ATL,EGE
ATL-ELP,ATL,ELP
ATL-EWR,ATL,EWR
ATL-FAY,ATL,FAY
ATL-GRR,ATL,GRR
ATL-GSP,ATL,GSP
ATL-HDN,ATL,HDN
ATL-HNL,ATL,HNL
ATL-HOU,ATL,HOU
ATL-IAD,ATL,IAD
ATL-IAH,ATL,IAH
ATL-ICT,ATL,ICT
ATL-IND,ATL,IND
ATL-JAC,ATL,JAC
ATL-JAX,ATL,JAX
ATL-LAS,ATL,LAS
ATL-MCI,ATL,MCI
ATL-MDW,ATL,MDW
ATL-MEM,ATL,MEM
ATL-MHT,ATL,MHT
ATL-MKE,ATL,MKE
ATL-MLB,ATL,MLB
ATL-MSP,ATL,MSP
ATL-MSY,ATL,MSY
ATL-MTJ,ATL,MTJ
ATL-OKC,ATL,OKC
ATL-OMA,ATL,OMA
ATL-ORF,ATL,ORF
ATL-PBI,ATL,PBI
ATL-PDX,ATL,PDX
ATL-PIT,ATL,PIT
ATL-PNS,ATL,PNS
ATL-PVD,ATL,PVD
ATL-PWM,ATL,PWM
ATL-RDU,ATL,RDU
ATL-RIC,ATL,RIC
ATL-RNO,ATL,RNO
ATL-ROA,ATL,ROA
ATL-ROC,ATL,ROC
ATL-RSW,ATL,RSW
ATL-SAN,ATL,SAN
ATL-SAT,ATL,SAT
ATL-SAV,ATL,SAV
ATL-SFO,ATL,SFO
ATL-SJC,ATL,SJC
ATL-SJU,ATL,SJU
ATL-SLC,ATL,SLC
ATL-SMF,ATL,SMF
ATL-SNA,ATL,SNA
ATL-SRQ,ATL,SRQ
ATL-STL,ATL,STL
ATL-STT,ATL,STT
ATL-SYR,ATL,SYR
ATL-TPA,ATL,TPA
ATL-TUS,ATL,TUS
ATW-ATL,ATW,ATL
AUS-ATL,AUS,ATL
AUS-SLC,AUS,SLC
AVP-ATL,AVP,ATL
TUS-ATL,TUS,ATL
TUS-MSP,TUS,MSP
BDL-ATL,BDL,ATL
BDL-DTW,BDL,DTW
ELP-ATL,ELP,ATL
BIL-MSP,BIL,MSP
CLE-ATL,CLE,ATL
BNA-ATL,BNA,ATL
BNA-SLC,BNA,SLC
BOI-MSP,BOI,MSP
BOI-SLC,BOI,SLC
MHT-ATL,MHT,ATL
PVD-ATL,PVD,ATL
BUF-ATL,BUF,ATL
BUF-DTW,BUF,DTW
BZN-ATL,BZN,ATL
BZN-LAX,BZN,LAX
BZN-MSP,BZN,MSP
BZN-SLC,BZN,SLC
BWI-ATL,BWI,ATL
BWI-DTW,BWI,DTW
BWI-MSP,BWI,MSP
BWI-SLC,BWI,SLC
DCA-ATL,DCA,ATL
DCA-DTW,DCA,DTW
DCA-MSP,DCA,MSP
DCA-SLC,DCA,SLC
IAD-ATL,IAD,ATL
IAD-SLC,IAD,SLC
ICT-ATL,ICT,ATL
MDW-ATL,MDW,ATL
CHS-ATL,CHS,ATL
CMH-ATL,CMH,ATL
STL-ATL,STL,ATL
JAX-ATL,JAX,ATL
JAX-DTW,JAX,DTW
JAX-MSP,JAX,MSP
DAB-ATL,DAB,ATL
DAY-ATL,DAY,ATL
DTW-ATL,DTW,ATL
DTW-BDL,DTW,BDL
DTW-BUF,DTW,BUF
DTW-BWI,DTW,BWI
DTW-DCA,DTW,DCA
DTW-DEN,DTW,DEN
DTW-JAX,DTW,JAX
DTW-LAS,DTW,LAS
DTW-LAX,DTW,LAX
DTW-LGA,DTW,LGA
DTW-MCO,DTW,MCO
DTW-MEM,DTW,MEM
DTW-MSP,DTW,MSP
DTW-MSY,DTW,MSY
DTW-PBI,DTW,PBI
DTW-PDX,DTW,PDX
DTW-PIT,DTW,PIT
DTW-RDU,DTW,RDU
DTW-RSW,DTW,RSW
DTW-SAN,DTW,SAN
DTW-SFO,DTW,SFO
DTW-SLC,DTW,SLC
DTW-SRQ,DTW,SRQ
DTW-TPA,DTW,TPA
HOU-ATL,HOU,ATL
IAH-ATL,IAH,ATL
MCO-CVG,MCO,CVG
MCO-DTW,MCO,DTW
MCO-IND,MCO,IND
MCO-MSP,MCO,MSP
ECP-ATL,ECP,ATL
EGE-ATL,EGE,ATL
FAY-ATL,FAY,ATL
FCA-MSP,FCA,MSP
MSP-ABQ,MSP,ABQ
MSP-ALB,MSP,ALB
MSP-ATL,MSP,ATL
MSP-BIL,MSP,BIL
MSP-BOI,MSP,BOI
MSP-BUF,MSP,BUF
MSP-BWI,MSP,BWI
MSP-BZN,MSP,BZN
MSP-DCA,MSP,DCA
MSP-DEN,MSP,DEN
MSP-DTW,MSP,DTW
MSP-EWR,MSP,EWR
MSP-FAR,MSP,FAR
MSP-FCA,MSP,FCA
MSP-FLL,MSP,FLL
MSP-FSD,MSP,FSD
MSP-GEG,MSP,GEG
MSP-HDN,MSP,HDN
MSP-HNL,MSP,HNL
MSP-JAC,MSP,JAC
MSP-JAX,MSP,JAX
MSP-JFK,MSP,JFK
MSP-LAS,MSP,LAS
MSP-LAX,MSP,LAX
MSP-LGA,MSP,LGA
MSP-MCI,MSP,MCI
MSP-MCO,MSP,MCO
MSP-MIA,MSP,MIA
MSP-MSO,MSP,MSO
MSP-MSY,MSP,MSY
MSP-PDX,MSP,PDX
MSP-PSP,MSP,PSP
MSP-RNO,MSP,RNO
MSP-RSW,MSP,RSW
MSP-SAN,MSP,SAN
MSP-SFO,MSP,SFO
MSP-SJC,MSP,SJC
MSP-SLC,MSP,SLC
MSP-SMF,MSP,SMF
MSP-SNA,MSP,SNA
MSP-TPA,MSP,TPA
MSP-TUS,MSP,TUS
EWR-ATL,EWR,ATL
EWR-MSP,EWR,MSP
EWR-SLC,EWR,SLC
JFK-HNL,JFK,HNL
JFK-MSP,JFK,MSP
JFK-SAT,JFK,SAT
JFK-SNA,JFK,SNA
JFK-STT,JFK,STT
LGA-DEN,LGA,DEN
LGA-DTW,LGA,DTW
LGA-MSP,LGA,MSP
LGA-MSY,LGA,MSY
LGA-RSW,LGA,RSW
LGA-SRQ,LGA,SRQ
LGA-TPA,LGA,TPA
RSW-ATL,RSW,ATL
RSW-CVG,RSW,CVG
RSW-DTW,RSW,DTW
RSW-IND,RSW,IND
RSW-LGA,RSW,LGA
RSW-MSP,RSW,MSP
FSD-MSP,FSD,MSP
GEG-LAX,GEG,LAX
GEG-MSP,GEG,MSP
GEG-SLC,GEG,SLC
GRR-ATL,GRR,ATL
HNL-ATL,HNL,ATL
HNL-JFK,HNL,JFK
HNL-MSP,HNL,MSP
HNL-SLC,HNL,SLC
LAS-ATL,LAS,ATL
LAS-DTW,LAS,DTW
LAS-MSP,LAS,MSP
LAS-SLC,LAS,SLC
IND-ATL,IND,ATL
IND-MCO,IND,MCO
IND-RSW,IND,RSW
IND-SLC,IND,SLC
JAC-ATL,JAC,ATL
JAC-MSP,JAC,MSP
JAC-SLC,JAC,SLC
OAK-SLC,OAK,SLC
SFO-ATL,SFO,ATL
SFO-DTW,SFO,DTW
SFO-MSP,SFO,MSP
SFO-SLC,SFO,SLC
SJC-ATL,SJC,ATL
SJC-MSP,SJC,MSP
FLL-CVG,FLL,CVG
FLL-MSP,FLL,MSP
MIA-MSP,MIA,MSP
LAX-BZN,LAX,BZN
LAX-CVG,LAX,CVG
LAX-DTW,LAX,DTW
LAX-GEG,LAX,GEG
LAX-MCI,LAX,MCI
LAX-MEM,LAX,MEM
LAX-MSP,LAX,MSP
LAX-SAN,LAX,SAN
LAX-SLC,LAX,SLC
LAX-TPA,LAX,TPA
ONT-SLC,ONT,SLC
SNA-ATL,SNA,ATL
SNA-JFK,SNA,JFK
SNA-MSP,SNA,MSP
SNA-SLC,SNA,SLC
CVG-ATL,CVG,ATL
CVG-FLL,CVG,FLL
CVG-LAX,CVG,LAX
CVG-MCO,CVG,MCO
CVG-RSW,CVG,RSW
CVG-SLC,CVG,SLC
CVG-TPA,CVG,TPA
SMF-ATL,SMF,ATL
SMF-MSP,SMF,MSP
TPA-ATL,TPA,ATL
TPA-CVG,TPA,CVG
TPA-DTW,TPA,DTW
TPA-LAX,TPA,LAX
TPA-LGA,TPA,LGA
TPA-MSP,TPA,MSP
TPA-SLC,TPA,SLC
MCI-ATL,MCI,ATL
MCI-DTW,MCI,DTW
MCI-LAX,MCI,LAX
MCI-MSP,MCI,MSP
SAT-ATL,SAT,ATL
SAT-JFK,SAT,JFK
SAT-SLC,SAT,SLC
MEM-ATL,MEM,ATL
MEM-DTW,MEM,DTW
OMA-ATL,OMA,ATL
OMA-SLC,OMA,SLC
MKE-ATL,MKE,ATL
MLB-ATL,MLB,ATL
MSO-MSP,MSO,MSP
MSO-SLC,MSO,SLC
MSY-ATL,MSY,ATL
MSY-DTW,MSY,DTW
MSY-LGA,MSY,LGA
MSY-MSP,MSY,MSP
MSY-SLC,MSY,SLC
MTJ-ATL,MTJ,ATL
SAN-ATL,SAN,ATL
SAN-DTW,SAN,DTW
SAN-LAX,SAN,LAX
SAN-MSP,SAN,MSP
SAN-SLC,SAN,SLC
ORF-ATL,ORF,ATL
PNS-ATL,PNS,ATL
OGG-SLC,OGG,SLC
OKC-ATL,OKC,ATL
PBI-ATL,PBI,ATL
PBI-DTW,PBI,DTW
PDX-ATL,PDX,ATL
PDX-DTW,PDX,DTW
PDX-MSP,PDX,MSP
PDX-SLC,PDX,SLC
PSP-MSP,PSP,MSP
PWM-ATL,PWM,ATL
RDU-ATL,RDU,ATL
RDU-DTW,RDU,DTW
RDU-SLC,RDU,SLC
RIC-ATL,RIC,ATL
RNO-ATL,RNO,ATL
RNO-MSP,RNO,MSP
RNO-SLC,RNO,SLC
ROA-ATL,ROA,ATL
ROC-ATL,ROC,ATL
SLC-ATL,SLC,ATL
SLC-AUS,SLC,AUS
SLC-BIL,SLC,BIL
SLC-BNA,SLC,BNA
SLC-BOI,SLC,BOI
SLC-BWI,SLC,BWI
SLC-BZN,SLC,BZN
SLC-CLE,SLC,CLE
SLC-CLT,SLC,CLT
SLC-CVG,SLC,CVG
SLC-DCA,SLC,DCA
SLC-DEN,SLC,DEN
SLC-DTW,SLC,DTW
SLC-EWR,SLC,EWR
SLC-GEG,SLC,GEG
SLC-HNL,SLC,HNL
SLC-IAD,SLC,IAD
SLC-IAH,SLC,IAH
SLC-IND,SLC,IND
SLC-JAC,SLC,JAC
SLC-LAS,SLC,LAS
SLC-LAX,SLC,LAX
SLC-MSO,SLC,MSO
SLC-MSP,SLC,MSP
SLC-MSY,SLC,MSY
SLC-OAK,SLC,OAK
SLC-OGG,SLC,OGG
SLC-OMA,SLC,OMA
SLC-ONT,SLC,ONT
SLC-PDX,SLC,PDX
SLC-PIT,SLC,PIT
SLC-RDU,SLC,RDU
SLC-RNO,SLC,RNO
SLC-SAN,SLC,SAN
SLC-SAT,SLC,SAT
SLC-SFO,SLC,SFO
SLC-SJC,SLC,SJC
SLC-SNA,SLC,SNA
SLC-TPA,SLC,TPA
SAV-ATL,SAV,ATL
HDN-ATL,HDN,ATL
HDN-MSP,HDN,MSP
SJU-ATL,SJU,ATL
STT-ATL,STT,ATL
STT-JFK,STT,JFK
SRQ-ATL,SRQ,ATL
SRQ-DTW,SRQ,DTW
SRQ-LGA,SRQ,LGA
SYR-ATL,SYR,ATL
ABQ-IAH,ABQ,IAH
AEX-IAH,AEX,IAH
COS-IAH,COS,IAH
DFW-BTR,DFW,BTR
DFW-ECP,DFW,ECP
DFW-MHK,DFW,MHK
DFW-MKE,DFW,MKE
DFW-SAF,DFW,SAF
DFW-SBN,DFW,SBN
PIT-EWR,PIT,EWR
HSV-IAH,HSV,IAH
ALB-ORD,ALB,ORD
AMA-IAH,AMA,IAH
SHV-IAH,SHV,IAH
MOB-IAH,MOB,IAH
BHM-IAH,BHM,IAH
ELP-IAH,ELP,IAH
CAK-EWR,CAK,EWR
CAK-IAH,CAK,IAH
CAK-ORD,CAK,ORD
CLE-DCA,CLE,DCA
CLE-EWR,CLE,EWR
CLE-IAD,CLE,IAD
CLE-IAH,CLE,IAH
CLE-LGA,CLE,LGA
CLE-ORD,CLE,ORD
BNA-EWR,BNA,EWR
BNA-IAH,BNA,IAH
MHT-EWR,MHT,EWR
PVD-EWR,PVD,EWR
PVD-ORD,PVD,ORD
BRO-IAH,BRO,IAH
BTR-DFW,BTR,DFW
BTR-IAH,BTR,IAH
BTV-EWR,BTV,EWR
BTV-ORD,BTV,ORD
DCA-CLE,DCA,CLE
DCA-EWR,DCA,EWR
IAD-CAE,IAD,CAE
IAD-GSO,IAD,GSO
IAD-ILM,IAD,ILM
IAD-RIC,IAD,RIC
IAD-ROC,IAD,ROC
IAD-SYR,IAD,SYR
IAD-TYS,IAD,TYS
CAE-IAD,CAE,IAD
CAE-IAH,CAE,IAH
ICT-IAH,ICT,IAH
ICT-ORD,ICT,ORD
ORD-ALB,ORD,ALB
ORD-CAK,ORD,CAK
ORD-CHA,ORD,CHA
ORD-CLE,ORD,CLE
ORD-CMH,ORD,CMH
ORD-CVG,ORD,CVG
ORD-DSM,ORD,DSM
ORD-GRB,ORD,GRB
ORD-GRR,ORD,GRR
ORD-GSP,ORD,GSP
ORD-ICT,ORD,ICT
ORD-JAN,ORD,JAN
ORD-LEX,ORD,LEX
ORD-LIT,ORD,LIT
ORD-MEM,ORD,MEM
ORD-MLI,ORD,MLI
ORD-MSN,ORD,MSN
ORD-OKC,ORD,OKC
ORD-PVD,ORD,PVD
ORD-PWM,ORD,PWM
ORD-RIC,ORD,RIC
ORD-RST,ORD,RST
ORD-SAV,ORD,SAV
ORD-SDF,ORD,SDF
ORD-TUL,ORD,TUL
ORD-TYS,ORD,TYS
ORD-XNA,ORD,XNA
CHA-IAD,CHA,IAD
CLL-IAH,CLL,IAH
CLT-ECP,CLT,ECP
CLT-SBN,CLT,SBN
CMH-EWR,CMH,EWR
CMH-ORD,CMH,ORD
STL-IAH,STL,IAH
JAX-EWR,JAX,EWR
JAX-IAH,JAX,IAH
CRP-IAH,CRP,IAH
LCH-IAH,LCH,IAH
DAY-EWR,DAY,EWR
DAY-IAH,DAY,IAH
DSM-ORD,DSM,ORD
IAH-ABQ,IAH,ABQ
IAH-AEX,IAH,AEX
IAH-AMA,IAH,AMA
IAH-BHM,IAH,BHM
IAH-BNA,IAH,BNA
IAH-BRO,IAH,BRO
IAH-BTR,IAH,BTR
IAH-CAE,IAH,CAE
IAH-CAK,IAH,CAK
IAH-CLL,IAH,CLL
IAH-COS,IAH,COS
IAH-CRP,IAH,CRP
IAH-DAY,IAH,DAY
IAH-ECP,IAH,ECP
IAH-ELP,IAH,ELP
IAH-GPT,IAH,GPT
IAH-GRK,IAH,GRK
IAH-GRR,IAH,GRR
IAH-GSP,IAH,GSP
IAH-HOB,IAH,HOB
IAH-HRL,IAH,HRL
IAH-HSV,IAH,HSV
IAH-ICT,IAH,ICT
IAH-IND,IAH,IND
IAH-JAN,IAH,JAN
IAH-JAX,IAH,JAX
IAH-LBB,IAH,LBB
IAH-LCH,IAH,LCH
IAH-LEX,IAH,LEX
IAH-LFT,IAH,LFT
IAH-LIT,IAH,LIT
IAH-LRD,IAH,LRD
IAH-MAF,IAH,MAF
IAH-MCI,IAH,MCI
IAH-MEM,IAH,MEM
IAH-MFE,IAH,MFE
IAH-MLU,IAH,MLU
IAH-MOB,IAH,MOB
IAH-OKC,IAH,OKC
IAH-OMA,IAH,OMA
IAH-PNS,IAH,PNS
IAH-SAV,IAH,SAV
IAH-SHV,IAH,SHV
IAH-STL,IAH,STL
IAH-TUL,IAH,TUL
IAH-TYS,IAH,TYS
IAH-VPS,IAH,VPS
IAH-XNA,IAH,XNA
ECP-CLT,ECP,CLT
ECP-DFW,ECP,DFW
ECP-IAH,ECP,IAH
VPS-IAH,VPS,IAH
EWR-BNA,EWR,BNA
EWR-BTV,EWR,BTV
EWR-CAK,EWR,CAK
EWR-CLE,EWR,CLE
EWR-CMH,EWR,CMH
EWR-CVG,EWR,CVG
EWR-DAY,EWR,DAY
EWR-DCA,EWR,DCA
EWR-GSO,EWR,GSO
EWR-GSP,EWR,GSP
EWR-IND,EWR,IND
EWR-JAX,EWR,JAX
EWR-MKE,EWR,MKE
EWR-MSN,EWR,MSN
EWR-PIT,EWR,PIT
EWR-PVD,EWR,PVD
EWR-PWM,EWR,PWM
EWR-RDU,EWR,RDU
EWR-RIC,EWR,RIC
EWR-SAV,EWR,SAV
EWR-STL,EWR,STL
EWR-SYR,EWR,SYR
EWR-TYS,EWR,TYS
LGA-CLE,LGA,CLE
XNA-IAH,XNA,IAH
GSP-EWR,GSP,EWR
GSP-IAH,GSP,IAH
GSP-ORD,GSP,ORD
GPT-IAH,GPT,IAH
GRB-ORD,GRB,ORD
GRK-IAH,GRK,IAH
GRR-EWR,GRR,EWR
GRR-IAH,GRR,IAH
GRR-ORD,GRR,ORD
GSO-IAD,GSO,IAD
GSO-ORD,GSO,ORD
HOB-IAH,HOB,IAH
HRL-IAH,HRL,IAH
ILM-IAD,ILM,IAD
IND-EWR,IND,EWR
IND-IAH,IND,IAH
JAN-IAH,JAN,IAH
JAN-ORD,JAN,ORD
RST-ORD,RST,ORD
LIT-IAH,LIT,IAH
LIT-ORD,LIT,ORD
LBB-IAH,LBB,IAH
LEX-IAH,LEX,IAH
LEX-ORD,LEX,ORD
LFT-IAH,LFT,IAH
LRD-IAH,LRD,IAH
SDF-ORD,SDF,ORD
CVG-EWR,CVG,EWR
CVG-ORD,CVG,ORD
MAF-IAH,MAF,IAH
MCI-IAH,MCI,IAH
MEM-IAH,MEM,IAH
MEM-ORD,MEM,ORD
MFE-IAH,MFE,IAH
MHK-DFW,MHK,DFW
OMA-IAH,OMA,IAH
OMA-ORD,OMA,ORD
MKE-DFW,MKE,DFW
MKE-EWR,MKE,EWR
MLI-ORD,MLI,ORD
MLU-IAH,MLU,IAH
MSN-EWR,MSN,EWR
PNS-IAH,PNS,IAH
OKC-IAH,OKC,IAH
OKC-ORD,OKC,ORD
PWM-EWR,PWM,EWR
PWM-ORD,PWM,ORD
RDU-EWR,RDU,EWR
RIC-EWR,RIC,EWR
RIC-ORD,RIC,ORD
ROC-EWR,ROC,EWR
ROC-IAD,ROC,IAD
TUL-IAH,TUL,IAH
TUL-ORD,TUL,ORD
SAF-DFW,SAF,DFW
SAV-EWR,SAV,EWR
SAV-IAH,SAV,IAH
SAV-ORD,SAV,ORD
SBN-CLT,SBN,CLT
SBN-DFW,SBN,DFW
SYR-EWR,SYR,EWR
SYR-IAD,SYR,IAD
TYS-EWR,TYS,EWR
TYS-IAD,TYS,IAD
TYS-IAH,TYS,IAH
TYS-ORD,TYS,ORD
COS-LAS,COS,LAS
COS-MCO,COS,MCO
COS-PHX,COS,PHX
HSV-DEN,HSV,DEN
HSV-MCO,HSV,MCO
DEN-AUS,DEN,AUS
DEN-BNA,DEN,BNA
DEN-BZN,DEN,BZN
DEN-CID,DEN,CID
DEN-DCA,DEN,DCA
DEN-FAT,DEN,FAT
DEN-HSV,DEN,HSV
DEN-IAH,DEN,IAH
DEN-LAS,DEN,LAS
DEN-MCI,DEN,MCI
DEN-MCO,DEN,MCO
DEN-MSY,DEN,MSY
DEN-ONT,DEN,ONT
DEN-PDX,DEN,PDX
DEN-RDU,DEN,RDU
DEN-RSW,DEN,RSW
DEN-SAN,DEN,SAN
DEN-SAT,DEN,SAT
DEN-SBA,DEN,SBA
DEN-SFO,DEN,SFO
DEN-SNA,DEN,SNA
DEN-TPA,DEN,TPA
ATL-TTN,ATL,TTN
AUS-DEN,AUS,DEN
AUS-IAD,AUS,IAD
PHX-CLE,PHX,CLE
PHX-COS,PHX,COS
PHX-RDU,PHX,RDU
PHX-RSW,PHX,RSW
CLE-LAS,CLE,LAS
CLE-MCO,CLE,MCO
CLE-PBI,CLE,PBI
CLE-PHX,CLE,PHX
CLE-RSW,CLE,RSW
CLE-TPA,CLE,TPA
BMI-MCO,BMI,MCO
BNA-MCO,BNA,MCO
BUF-RSW,BUF,RSW
BZN-DEN,BZN,DEN
DCA-DEN,DCA,DEN
IAD-AUS,IAD,AUS
IAD-LAS,IAD,LAS
IAD-MCO,IAD,MCO
CID-DEN,CID,DEN
CLT-TTN,CLT,TTN
STL-LAS,STL,LAS
STL-MCO,STL,MCO
JAX-TTN,JAX,TTN
MCO-ABQ,MCO,ABQ
MCO-BMI,MCO,BMI
MCO-BNA,MCO,BNA
MCO-CLE,MCO,CLE
MCO-DEN,MCO,DEN
MCO-HSV,MCO,HSV
MCO-IAD,MCO,IAD
MCO-ISP,MCO,ISP
MCO-LAS,MCO,LAS
MCO-MDT,MCO,MDT
MCO-MKE,MCO,MKE
MCO-MSN,MCO,MSN
MCO-OKC,MCO,OKC
MCO-OMA,MCO,OMA
MCO-ONT,MCO,ONT
MCO-PSM,MCO,PSM
MCO-SDF,MCO,SDF
MCO-STL,MCO,STL
MCO-TTN,MCO,TTN
FAT-DEN,FAT,DEN
ISP-MCO,ISP,MCO
ISP-PBI,ISP,PBI
ISP-RSW,ISP,RSW
RSW-BUF,RSW,BUF
RSW-CLE,RSW,CLE
RSW-DEN,RSW,DEN
RSW-ISP,RSW,ISP
RSW-MKE,RSW,MKE
RSW-PHX,RSW,PHX
RSW-SYR,RSW,SYR
RSW-TTN,RSW,TTN
GRR-TPA,GRR,TPA
MDT-MCO,MDT,MCO
LAS-CLE,LAS,CLE
LAS-COS,LAS,COS
LAS-CVG,LAS,CVG
LAS-DEN,LAS,DEN
LAS-IAD,LAS,IAD
LAS-IND,LAS,IND
LAS-MCO,LAS,MCO
LAS-RDU,LAS,RDU
LAS-SAT,LAS,SAT
LAS-SJC,LAS,SJC
LAS-STL,LAS,STL
LAS-TPA,LAS,TPA
IND-LAS,IND,LAS
SJC-LAS,SJC,LAS
ONT-DEN,ONT,DEN
SNA-DEN,SNA,DEN
SNA-SAT,SNA,SAT
SDF-MCO,SDF,MCO
CVG-LAS,CVG,LAS
CVG-SAN,CVG,SAN
CVG-SAT,CVG,SAT
TPA-CLE,TPA,CLE
TPA-DEN,TPA,DEN
TPA-GRR,TPA,GRR
TPA-LAS,TPA,LAS
TPA-PWM,TPA,PWM
TPA-SYR,TPA,SYR
TPA-TTN,TPA,TTN
MCI-DEN,MCI,DEN
SAT-CVG,SAT,CVG
SAT-DEN,SAT,DEN
SAT-LAS,SAT,LAS
SAT-RDU,SAT,RDU
SAT-SNA,SAT,SNA
OMA-MCO,OMA,MCO
MKE-MCO,MKE,MCO
MKE-RSW,MKE,RSW
MKE-SAN,MKE,SAN
MSN-MCO,MSN,MCO
MSY-DEN,MSY,DEN
SAN-CVG,SAN,CVG
SAN-DEN,SAN,DEN
SAN-MKE,SAN,MKE
OKC-MCO,OKC,MCO
PBI-CLE,PBI,CLE
PBI-ISP,PBI,ISP
PBI-RDU,PBI,RDU
PBI-TTN,PBI,TTN
PSM-MCO,PSM,MCO
PWM-TPA,PWM,TPA
RDU-DEN,RDU,DEN
RDU-LAS,RDU,LAS
RDU-PBI,RDU,PBI
RDU-PHX,RDU,PHX
RDU-SAT,RDU,SAT
RDU-SJU,RDU,SJU
SBA-DEN,SBA,DEN
SJU-RDU,SJU,RDU
SYR-RSW,SYR,RSW
SYR-TPA,SYR,TPA
TTN-ATL,TTN,ATL
TTN-CLT,TTN,CLT
TTN-JAX,TTN,JAX
TTN-MCO,TTN,MCO
TTN-PBI,TTN,PBI
TTN-RSW,TTN,RSW
TTN-TPA,TTN,TPA
ABE-PIE,ABE,PIE
ABE-SFB,ABE,SFB
PIT-PGD,PIT,PGD
ALB-PGD,ALB,PGD
ATW-SFB,ATW,SFB
AVL-FLL,AVL,FLL
AVL-PIE,AVL,PIE
AVL-SFB,AVL,SFB
AZA-BIL,AZA,BIL
AZA-BLI,AZA,BLI
AZA-CID,AZA,CID
AZA-EUG,AZA,EUG
AZA-FAR,AZA,FAR
AZA-FSD,AZA,FSD
AZA-GFK,AZA,GFK
AZA-GRR,AZA,GRR
AZA-GTF,AZA,GTF
AZA-IDA,AZA,IDA
AZA-MSO,AZA,MSO
AZA-PSC,AZA,PSC
AZA-PVU,AZA,PVU
AZA-SGF,AZA,SGF
BGR-PIE,BGR,PIE
BGR-SFB,BGR,SFB
BIL-AZA,BIL,AZA
BIS-SFB,BIS,SFB
BLI-AZA,BLI,AZA
BLI-LAS,BLI,LAS
BLI-LAX,BLI,LAX
BLI-OAK,BLI,OAK
BLI-PSP,BLI,PSP
BLI-SAN,BLI,SAN
BLV-PGD,BLV,PGD
BLV-VPS,BLV,VPS
BMI-SFB,BMI,SFB
PVD-PGD,PVD,PGD
CID-AZA,CID,AZA
LCK-PGD,LCK,PGD
LCK-PIE,LCK,PIE
JAX-IND,JAX,IND
DSM-PGD,DSM,PGD
DSM-SFB,DSM,SFB
VPS-BLV,VPS,BLV
EUG-AZA,EUG,AZA
EUG-OAK,EUG,OAK
FAR-AZA,FAR,AZA
FAT-LAS,FAT,LAS
FNT-PIE,FNT,PIE
FNT-SFB,FNT,SFB
FSD-AZA,FSD,AZA
FWA-PGD,FWA,PGD
FWA-SFB,FWA,SFB
XNA-SFB,XNA,SFB
GTF-AZA,GTF,AZA
GFK-AZA,GFK,AZA
GRR-AZA,GRR,AZA
GRR-PGD,GRR,PGD
GRR-PIE,GRR,PIE
GRR-SFB,GRR,SFB
MDT-PGD,MDT,PGD
MDT-SFB,MDT,SFB
LAS-BLI,LAS,BLI
LAS-FAT,LAS,FAT
LAS-RNO,LAS,RNO
LAS-SCK,LAS,SCK
HTS-SFB,HTS,SFB
IAG-PGD,IAG,PGD
IAG-PIE,IAG,PIE
IDA-AZA,IDA,AZA
IND-FLL,IND,FLL
IND-JAX,IND,JAX
IND-PGD,IND,PGD
IND-PIE,IND,PIE
IND-SFB,IND,SFB
IND-SRQ,IND,SRQ
OAK-BLI,OAK,BLI
OAK-EUG,OAK,EUG
FLL-AVL,FLL,AVL
FLL-IND,FLL,IND
FLL-LEX,FLL,LEX
FLL-PBG,FLL,PBG
FLL-TYS,FLL,TYS
FLL-USA,FLL,USA
USA-FLL,USA,FLL
USA-PIE,USA,PIE
LAX-BLI,LAX,BLI
LAX-MFR,LAX,MFR
LAX-SGF,LAX,SGF
LEX-FLL,LEX,FLL
LEX-PGD,LEX,PGD
LEX-PIE,LEX,PIE
LEX-SFB,LEX,SFB
SDF-PGD,SDF,PGD
SDF-SFB,SDF,SFB
CVG-MSY,CVG,MSY
CVG-PGD,CVG,PGD
CVG-PIE,CVG,PIE
CVG-SFB,CVG,SFB
CVG-SRQ,CVG,SRQ
PIE-ABE,PIE,ABE
PIE-AVL,PIE,AVL
PIE-BGR,PIE,BGR
PIE-CVG,PIE,CVG
PIE-FNT,PIE,FNT
PIE-GRR,PIE,GRR
PIE-IAG,PIE,IAG
PIE-IND,PIE,IND
PIE-LCK,PIE,LCK
PIE-LEX,PIE,LEX
PIE-PBG,PIE,PBG
PIE-SGF,PIE,SGF
PIE-TOL,PIE,TOL
PIE-TYS,PIE,TYS
PIE-USA,PIE,USA
MFR-LAX,MFR,LAX
MLI-SFB,MLI,SFB
MSO-AZA,MSO,AZA
MSY-CVG,MSY,CVG
SAN-BLI,SAN,BLI
PBG-FLL,PBG,FLL
PBG-PIE,PBG,PIE
PBG-SFB,PBG,SFB
PGD-ALB,PGD,ALB
PGD-BLV,PGD,BLV
PGD-CVG,PGD,CVG
PGD-DSM,PGD,DSM
PGD-FWA,PGD,FWA
PGD-GRR,PGD,GRR
PGD-IAG,PGD,IAG
PGD-IND,PGD,IND
PGD-LCK,PGD,LCK
PGD-LEX,PGD,LEX
PGD-MDT,PGD,MDT
PGD-PIT,PGD,PIT
PGD-PVD,PGD,PVD
PGD-RDU,PGD,RDU
PGD-RFD,PGD,RFD
PGD-SBN,PGD,SBN
PGD-SDF,PGD,SDF
PGD-TYS,PGD,TYS
PSC-AZA,PSC,AZA
PSP-BLI,PSP,BLI
PVU-AZA,PVU,AZA
RDU-PGD,RDU,PGD
RFD-PGD,RFD,PGD
RNO-LAS,RNO,LAS
TUL-SFB,TUL,SFB
SBN-PGD,SBN,PGD
SCK-LAS,SCK,LAS
SFB-ABE,SFB,ABE
SFB-ATW,SFB,ATW
SFB-AVL,SFB,AVL
SFB-BGR,SFB,BGR
SFB-BIS,SFB,BIS
SFB-BMI,SFB,BMI
SFB-CVG,SFB,CVG
SFB-DSM,SFB,DSM
SFB-FNT,SFB,FNT
SFB-FWA,SFB,FWA
SFB-GRR,SFB,GRR
SFB-HTS,SFB,HTS
SFB-IND,SFB,IND
SFB-LEX,SFB,LEX
SFB-MDT,SFB,MDT
SFB-MLI,SFB,MLI
SFB-PBG,SFB,PBG
SFB-SDF,SFB,SDF
SFB-TUL,SFB,TUL
SFB-TYS,SFB,TYS
SFB-XNA,SFB,XNA
SGF-AZA,SGF,AZA
SGF-LAX,SGF,LAX
SGF-PIE,SGF,PIE
SRQ-CVG,SRQ,CVG
SRQ-IND,SRQ,IND
TOL-PIE,TOL,PIE
TYS-FLL,TYS,FLL
TYS-PGD,TYS,PGD
TYS-PIE,TYS,PIE
TYS-SFB,TYS,SFB
HNL-ITO,HNL,ITO
HNL-KOA,HNL,KOA
HNL-LAS,HNL,LAS
HNL-LGB,HNL,LGB
HNL-LIH,HNL,LIH
HNL-OGG,HNL,OGG
HNL-SMF,HNL,SMF
LAS-HNL,LAS,HNL
ITO-HNL,ITO,HNL
ITO-OGG,ITO,OGG
LGB-HNL,LGB,HNL
KOA-HNL,KOA,HNL
KOA-LIH,KOA,LIH
KOA-OGG,KOA,OGG
LIH-HNL,LIH,HNL
LIH-KOA,LIH,KOA
LIH-OGG,LIH,OGG
SMF-HNL,SMF,HNL
OGG-HNL,OGG,HNL
OGG-ITO,OGG,ITO
OGG-KOA,OGG,KOA
OGG-LIH,OGG,LIH
ABI-DFW,ABI,DFW
ACT-DFW,ACT,DFW
AEX-DFW,AEX,DFW
DFW-ABI,DFW,ABI
DFW-ACT,DFW,ACT
DFW-AEX,DFW,AEX
DFW-AMA,DFW,AMA
DFW-BIL,DFW,BIL
DFW-BPT,DFW,BPT
DFW-CHA,DFW,CHA
DFW-CID,DFW,CID
DFW-CLL,DFW,CLL
DFW-CRP,DFW,CRP
DFW-DAY,DFW,DAY
DFW-DRT,DFW,DRT
DFW-EYW,DFW,EYW
DFW-FAR,DFW,FAR
DFW-FSM,DFW,FSM
DFW-GCK,DFW,GCK
DFW-GGG,DFW,GGG
DFW-GJT,DFW,GJT
DFW-GRI,DFW,GRI
DFW-GRK,DFW,GRK
DFW-GSO,DFW,GSO
DFW-HOU,DFW,HOU
DFW-LAW,DFW,LAW
DFW-LBB,DFW,LBB
DFW-LCH,DFW,LCH
DFW-LEX,DFW,LEX
DFW-LFT,DFW,LFT
DFW-LIT,DFW,LIT
DFW-MAF,DFW,MAF
DFW-MFE,DFW,MFE
DFW-MGM,DFW,MGM
DFW-MLU,DFW,MLU
DFW-MSN,DFW,MSN
DFW-MSO,DFW,MSO
DFW-SGF,DFW,SGF
DFW-SHV,DFW,SHV
DFW-SJT,DFW,SJT
DFW-SPI,DFW,SPI
DFW-SPS,DFW,SPS
DFW-SUX,DFW,SUX
DFW-SWO,DFW,SWO
DFW-TLH,DFW,TLH
DFW-TXK,DFW,TXK
DFW-TYR,DFW,TYR
DFW-XNA,DFW,XNA
PIT-LGA,PIT,LGA
PIT-MIA,PIT,MIA
HSV-ORD,HSV,ORD
ALO-ORD,ALO,ORD
AMA-DFW,AMA,DFW
ATW-ORD,ATW,ORD
CWA-ORD,CWA,ORD
AVP-CLT,AVP,CLT
AVP-ORD,AVP,ORD
AZO-ORD,AZO,ORD
SHV-DFW,SHV,DFW
BHM-DFW,BHM,DFW
BHM-ORD,BHM,ORD
ELP-ORD,ELP,ORD
BIL-DFW,BIL,DFW
CAK-CLT,CAK,CLT
CLE-MIA,CLE,MIA
BMI-ORD,BMI,ORD
BNA-JFK,BNA,JFK
BNA-LGA,BNA,LGA
BOI-ORD,BOI,ORD
BPT-DFW,BPT,DFW
BUF-ORD,BUF,ORD
BZN-ORD,BZN,ORD
DCA-LIT,DCA,LIT
DCA-PNS,DCA,PNS
DCA-XNA,DCA,XNA
ORD-ALO,ORD,ALO
ORD-ATW,ORD,ATW
ORD-AVP,ORD,AVP
ORD-AZO,ORD,AZO
ORD-BHM,ORD,BHM
ORD-BMI,ORD,BMI
ORD-BOI,ORD,BOI
ORD-BUF,ORD,BUF
ORD-BZN,ORD,BZN
ORD-CHS,ORD,CHS
ORD-CID,ORD,CID
ORD-CMI,ORD,CMI
ORD-COU,ORD,COU
ORD-CWA,ORD,CWA
ORD-DAY,ORD,DAY
ORD-DBQ,ORD,DBQ
ORD-ELP,ORD,ELP
ORD-EVV,ORD,EVV
ORD-FAR,ORD,FAR
ORD-FNT,ORD,FNT
ORD-FSD,ORD,FSD
ORD-FWA,ORD,FWA
ORD-GSO,ORD,GSO
ORD-HSV,ORD,HSV
ORD-IAH,ORD,IAH
ORD-LAN,ORD,LAN
ORD-LSE,ORD,LSE
ORD-MDT,ORD,MDT
ORD-MHK,ORD,MHK
ORD-MQT,ORD,MQT
ORD-OMA,ORD,OMA
ORD-PIA,ORD,PIA
ORD-ROC,ORD,ROC
ORD-SGF,ORD,SGF
ORD-SRQ,ORD,SRQ
ORD-SUX,ORD,SUX
ORD-SYR,ORD,SYR
ORD-TOL,ORD,TOL
ORD-TVC,ORD,TVC
CHA-DFW,CHA,DFW
CHA-ORD,CHA,ORD
CHO-CLT,CHO,CLT
CHO-LGA,CHO,LGA
CHS-ORD,CHS,ORD
CID-DFW,CID,DFW
CID-ORD,CID,ORD
CLL-DFW,CLL,DFW
CLT-CAK,CLT,CAK
CLT-CHO,CLT,CHO
CLT-CMI,CLT,CMI
CLT-LEX,CLT,LEX
CLT-SGF,CLT,SGF
CMH-JFK,CMH,JFK
CMH-LGA,CMH,LGA
CMH-MIA,CMH,MIA
CMI-CLT,CMI,CLT
CMI-ORD,CMI,ORD
JAX-MIA,JAX,MIA
CRP-DFW,CRP,DFW
LCH-DFW,LCH,DFW
DAY-DFW,DAY,DFW
DAY-ORD,DAY,ORD
DBQ-ORD,DBQ,ORD
DRT-DFW,DRT,DFW
HOU-DFW,HOU,DFW
IAH-ORD,IAH,ORD
EVV-ORD,EVV,ORD
EYW-DFW,EYW,DFW
FAR-DFW,FAR,DFW
FAR-ORD,FAR,ORD
JFK-BNA,JFK,BNA
JFK-CMH,JFK,CMH
JFK-IND,JFK,IND
LGA-BNA,LGA,BNA
LGA-CHO,LGA,CHO
LGA-CMH,LGA,CMH
LGA-ILM,LGA,ILM
LGA-MEM,LGA,MEM
LGA-RDU,LGA,RDU
LGA-SDF,LGA,SDF
FNT-ORD,FNT,ORD
FSD-ORD,FSD,ORD
FSM-DFW,FSM,DFW
FWA-ORD,FWA,ORD
XNA-DCA,XNA,DCA
XNA-DFW,XNA,DFW
XNA-ORD,XNA,ORD
GCK-DFW,GCK,DFW
GSP-MIA,GSP,MIA
GGG-DFW,GGG,DFW
GJT-DFW,GJT,DFW
GNV-MIA,GNV,MIA
GRI-DFW,GRI,DFW
GRK-DFW,GRK,DFW
GSO-DFW,GSO,DFW
GSO-MIA,GSO,MIA
MDT-ORD,MDT,ORD
ILM-LGA,ILM,LGA
IND-JFK,IND,JFK
IND-MIA,IND,MIA
MIA-CLE,MIA,CLE
MIA-CMH,MIA,CMH
MIA-CVG,MIA,CVG
MIA-GNV,MIA,GNV
MIA-GSO,MIA,GSO
MIA-GSP,MIA,GSP
MIA-IND,MIA,IND
MIA-JAX,MIA,JAX
MIA-MEM,MIA,MEM
MIA-ORF,MIA,ORF
MIA-PIT,MIA,PIT
MIA-PNS,MIA,PNS
MIA-SAV,MIA,SAV
MIA-TLH,MIA,TLH
MIA-TYS,MIA,TYS
COU-ORD,COU,ORD
LIT-DCA,LIT,DCA
LIT-DFW,LIT,DFW
LAN-ORD,LAN,ORD
LAW-DFW,LAW,DFW
LBB-DFW,LBB,DFW
LEX-CLT,LEX,CLT
LEX-DFW,LEX,DFW
LFT-DFW,LFT,DFW
SDF-LGA,SDF,LGA
LSE-ORD,LSE,ORD
CVG-MIA,CVG,MIA
MAF-DFW,MAF,DFW
MEM-LGA,MEM,LGA
MEM-MIA,MEM,MIA
MFE-DFW,MFE,DFW
MGM-DFW,MGM,DFW
MHK-ORD,MHK,ORD
MLU-DFW,MLU,DFW
MQT-ORD,MQT,ORD
MSN-DFW,MSN,DFW
MSN-ORD,MSN,ORD
MSO-DFW,MSO,DFW
ORF-MIA,ORF,MIA
PNS-DCA,PNS,DCA
PNS-MIA,PNS,MIA
PIA-ORD,PIA,ORD
ROC-ORD,ROC,ORD
SAV-MIA,SAV,MIA
SGF-CLT,SGF,CLT
SGF-DFW,SGF,DFW
SGF-ORD,SGF,ORD
SJT-DFW,SJT,DFW
SPI-DFW,SPI,DFW
SPS-DFW,SPS,DFW
SRQ-ORD,SRQ,ORD
SUX-DFW,SUX,DFW
SUX-ORD,SUX,ORD
SWO-DFW,SWO,DFW
SYR-ORD,SYR,ORD
TOL-ORD,TOL,ORD
TLH-DFW,TLH,DFW
TLH-MIA,TLH,MIA
TVC-ORD,TVC,ORD
TXK-DFW,TXK,DFW
TYR-DFW,TYR,DFW
TYS-MIA,TYS,MIA
ACY-FLL,ACY,FLL
ACY-MCO,ACY,MCO
ACY-MYR,ACY,MYR
ACY-PBI,ACY,PBI
ACY-RSW,ACY,RSW
ACY-TPA,ACY,TPA
PIT-LAS,PIT,LAS
PIT-LAX,PIT,LAX
PIT-MCO,PIT,MCO
PIT-RSW,PIT,RSW
PIT-TPA,PIT,TPA
DEN-BWI,DEN,BWI
DEN-FLL,DEN,FLL
AVL-TPA,AVL,TPA
CAK-MCO,CAK,MCO
CAK-TPA,CAK,TPA
CLE-LAX,CLE,LAX
CLE-MSY,CLE,MSY
BOS-MYR,BOS,MYR
BWI-DEN,BWI,DEN
BWI-IAH,BWI,IAH
BWI-LAS,BWI,LAS
BWI-MSY,BWI,MSY
BWI-RSW,BWI,RSW
BWI-TPA,BWI,TPA
CMH-FLL,CMH,FLL
CMH-LAS,CMH,LAS
CMH-MCO,CMH,MCO
CMH-RSW,CMH,RSW
CMH-TPA,CMH,TPA
MYR-ACY,MYR,ACY
MYR-BOS,MYR,BOS
MYR-FLL,MYR,FLL
MYR-LGA,MYR,LGA
DTW-IAH,DTW,IAH
DTW-MCI,DTW,MCI
IAH-BWI,IAH,BWI
IAH-DEN,IAH,DEN
IAH-DTW,IAH,DTW
IAH-EWR,IAH,EWR
IAH-FLL,IAH,FLL
IAH-LAS,IAH,LAS
IAH-MCO,IAH,MCO
IAH-MSY,IAH,MSY
IAH-SAN,IAH,SAN
IAH-TPA,IAH,TPA
MCO-ACY,MCO,ACY
MCO-CAK,MCO,CAK
MCO-CMH,MCO,CMH
MCO-FLL,MCO,FLL
MCO-IAH,MCO,IAH
MCO-LBE,MCO,LBE
MCO-MCI,MCO,MCI
MCO-MSY,MCO,MSY
MCO-PIT,MCO,PIT
MCO-STT,MCO,STT
EWR-IAH,EWR,IAH
EWR-LAS,EWR,LAS
EWR-MSY,EWR,MSY
LGA-MYR,LGA,MYR
RSW-ACY,RSW,ACY
RSW-BWI,RSW,BWI
RSW-CMH,RSW,CMH
RSW-PIT,RSW,PIT
GSO-FLL,GSO,FLL
GSO-TPA,GSO,TPA
LAS-BWI,LAS,BWI
LAS-CMH,LAS,CMH
LAS-EWR,LAS,EWR
LAS-IAH,LAS,IAH
LAS-MCI,LAS,MCI
LAS-MSY,LAS,MSY
LAS-OAK,LAS,OAK
LAS-PIT,LAS,PIT
LAS-SAN,LAS,SAN
IAG-FLL,IAG,FLL
OAK-LAS,OAK,LAS
OAK-LAX,OAK,LAX
FLL-ACY,FLL,ACY
FLL-CMH,FLL,CMH
FLL-DEN,FLL,DEN
FLL-GSO,FLL,GSO
FLL-IAG,FLL,IAG
FLL-IAH,FLL,IAH
FLL-LBE,FLL,LBE
FLL-MCO,FLL,MCO
FLL-MYR,FLL,MYR
FLL-STT,FLL,STT
FLL-TPA,FLL,TPA
LAX-CLE,LAX,CLE
LAX-OAK,LAX,OAK
LAX-PIT,LAX,PIT
LBE-FLL,LBE,FLL
LBE-MCO,LBE,MCO
LBE-TPA,LBE,TPA
TPA-ACY,TPA,ACY
TPA-AVL,TPA,AVL
TPA-BWI,TPA,BWI
TPA-CAK,TPA,CAK
TPA-CMH,TPA,CMH
TPA-FLL,TPA,FLL
TPA-GSO,TPA,GSO
TPA-IAH,TPA,IAH
TPA-LBE,TPA,LBE
TPA-MSY,TPA,MSY
TPA-PIT,TPA,PIT
MCI-LAS,MCI,LAS
MCI-MCO,MCI,MCO
MSY-BWI,MSY,BWI
MSY-CLE,MSY,CLE
MSY-EWR,MSY,EWR
MSY-IAH,MSY,IAH
MSY-LAS,MSY,LAS
MSY-MCO,MSY,MCO
MSY-TPA,MSY,TPA
SAN-IAH,SAN,IAH
SAN-LAS,SAN,LAS
PBI-ACY,PBI,ACY
STT-FLL,STT,FLL
STT-MCO,STT,MCO
ABE-CLT,ABE,CLT
PIT-DCA,PIT,DCA
PIT-RDU,PIT,RDU
AGS-CLT,AGS,CLT
HSV-CLT,HSV,CLT
ALB-DCA,ALB,DCA
ART-PHL,ART,PHL
AVL-CLT,AVL,CLT
SHV-CLT,SHV,CLT
MOB-CLT,MOB,CLT
BHM-CLT,BHM,CLT
BHM-DCA,BHM,DCA
BHM-PHL,BHM,PHL
CAK-DCA,CAK,DCA
CAK-PHL,CAK,PHL
BNA-DCA,BNA,DCA
MHT-CLT,MHT,CLT
MHT-DCA,MHT,DCA
PVD-DCA,PVD,DCA
BTR-CLT,BTR,CLT
BTV-CLT,BTV,CLT
BTV-DCA,BTV,DCA
DCA-ALB,DCA,ALB
DCA-BHM,DCA,BHM
DCA-BNA,DCA,BNA
DCA-BTV,DCA,BTV
DCA-CAE,DCA,CAE
DCA-CAK,DCA,CAK
DCA-CRW,DCA,CRW
DCA-CVG,DCA,CVG
DCA-DAY,DCA,DAY
DCA-DSM,DCA,DSM
DCA-GRR,DCA,GRR
DCA-GSO,DCA,GSO
DCA-GSP,DCA,GSP
DCA-HPN,DCA,HPN
DCA-IND,DCA,IND
DCA-JAN,DCA,JAN
DCA-MHT,DCA,MHT
DCA-ORF,DCA,ORF
DCA-PVD,DCA,PVD
DCA-PWM,DCA,PWM
DCA-RDU,DCA,RDU
DCA-ROC,DCA,ROC
DCA-SAV,DCA,SAV
DCA-SDF,DCA,SDF
DCA-SYR,DCA,SYR
DCA-TYS,DCA,TYS
CAE-CLT,CAE,CLT
CAE-DCA,CAE,DCA
CHA-CLT,CHA,CLT
CHA-DCA,CHA,DCA
CID-CLT,CID,CLT
CLT-ABE,CLT,ABE
CLT-AGS,CLT,AGS
CLT-AVL,CLT,AVL
CLT-AVP,CLT,AVP
CLT-BHM,CLT,BHM
CLT-BTR,CLT,BTR
CLT-BTV,CLT,BTV
CLT-CAE,CLT,CAE
CLT-CHA,CLT,CHA
CLT-CID,CLT,CID
CLT-CMH,CLT,CMH
CLT-CRW,CLT,CRW
CLT-CVG,CLT,CVG
CLT-DAB,CLT,DAB
CLT-DAY,CLT,DAY
CLT-DSM,CLT,DSM
CLT-EVV,CLT,EVV
CLT-EWN,CLT,EWN
CLT-FAY,CLT,FAY
CLT-GNV,CLT,GNV
CLT-GPT,CLT,GPT
CLT-GRR,CLT,GRR
CLT-GSP,CLT,GSP
CLT-HPN,CLT,HPN
CLT-HSV,CLT,HSV
CLT-JAN,CLT,JAN
CLT-LIT,CLT,LIT
CLT-MHT,CLT,MHT
CLT-MKE,CLT,MKE
CLT-MLB,CLT,MLB
CLT-MOB,CLT,MOB
CLT-MSN,CLT,MSN
CLT-MYR,CLT,MYR
CLT-OAJ,CLT,OAJ
CLT-OKC,CLT,OKC
CLT-OMA,CLT,OMA
CLT-PIA,CLT,PIA
CLT-PNS,CLT,PNS
CLT-SDF,CLT,SDF
CLT-SHV,CLT,SHV
CLT-TLH,CLT,TLH
CLT-TOL,CLT,TOL
CLT-TRI,CLT,TRI
CLT-TYS,CLT,TYS
CLT-VPS,CLT,VPS
CLT-XNA,CLT,XNA
CMH-CLT,CMH,CLT
STL-PHL,STL,PHL
MYR-CLT,MYR,CLT
MYR-PHL,MYR,PHL
CRW-CLT,CRW,CLT
CRW-DCA,CRW,DCA
CRW-PHL,CRW,PHL
DAB-CLT,DAB,CLT
DAY-CLT,DAY,CLT
DAY-DCA,DAY,DCA
DAY-LGA,DAY,LGA
DAY-PHL,DAY,PHL
DSM-CLT,DSM,CLT
DSM-DCA,DSM,DCA
VPS-CLT,VPS,CLT
EVV-CLT,EVV,CLT
EWN-CLT,EWN,CLT
FAY-CLT,FAY,CLT
HPN-CLT,HPN,CLT
HPN-DCA,HPN,DCA
JFK-PIT,JFK,PIT
LGA-DAY,LGA,DAY
XNA-CLT,XNA,CLT
GSP-CLT,GSP,CLT
GSP-DCA,GSP,DCA
GSP-PHL,GSP,PHL
GNV-CLT,GNV,CLT
GPT-CLT,GPT,CLT
GRR-CLT,GRR,CLT
GRR-DCA,GRR,DCA
GSO-DCA,GSO,DCA
GSO-PHL,GSO,PHL
HVN-PHL,HVN,PHL
ILM-PHL,ILM,PHL
IND-DCA,IND,DCA
JAN-CLT,JAN,CLT
JAN-DCA,JAN,DCA
LIT-CLT,LIT,CLT
SDF-CLT,SDF,CLT
SDF-DCA,SDF,DCA
CVG-CLT,CVG,CLT
CVG-DCA,CVG,DCA
CVG-PHL,CVG,PHL
OMA-CLT,OMA,CLT
MKE-CLT,MKE,CLT
MLB-CLT,MLB,CLT
MSN-CLT,MSN,CLT
MSN-PHL,MSN,PHL
ORF-DCA,ORF,DCA
ORF-PHL,ORF,PHL
PNS-CLT,PNS,CLT
OAJ-CLT,OAJ,CLT
OKC-CLT,OKC,CLT
PHL-ART,PHL,ART
PHL-BHM,PHL,BHM
PHL-CAK,PHL,CAK
PHL-CRW,PHL,CRW
PHL-CVG,PHL,CVG
PHL-DAY,PHL,DAY
PHL-GSO,PHL,GSO
PHL-GSP,PHL,GSP
PHL-HVN,PHL,HVN
PHL-ILM,PHL,ILM
PHL-MSN,PHL,MSN
PHL-MYR,PHL,MYR
PHL-ORF,PHL,ORF
PHL-SAV,PHL,SAV
PHL-STL,PHL,STL
PHL-TYS,PHL,TYS
PIA-CLT,PIA,CLT
PWM-DCA,PWM,DCA
RDU-DCA,RDU,DCA
RDU-PIT,RDU,PIT
ROC-DCA,ROC,DCA
SAV-DCA,SAV,DCA
SAV-PHL,SAV,PHL
SYR-DCA,SYR,DCA
TOL-CLT,TOL,CLT
TLH-CLT,TLH,CLT
TRI-CLT,TRI,CLT
TYS-CLT,TYS,CLT
TYS-DCA,TYS,DCA
TYS-PHL,TYS,PHL
ABE-DTW,ABE,DTW
ABQ-LAX,ABQ,LAX
ABQ-PHX,ABQ,PHX
ABQ-SFO,ABQ,SFO
ABQ-SLC,ABQ,SLC
ABR-MSP,ABR,MSP
ABY-ATL,ABY,ATL
ACV-LAX,ACV,LAX
ACV-SFO,ACV,SFO
COS-DEN,COS,DEN
COS-LAX,COS,LAX
COS-ORD,COS,ORD
COS-SLC,COS,SLC
DAL-LAX,DAL,LAX
DAL-PDX,DAL,PDX
DAL-SAN,DAL,SAN
DAL-SEA,DAL,SEA
DAL-SFO,DAL,SFO
DAL-SJC,DAL,SJC
DFW-ASE,DFW,ASE
DFW-BRO,DFW,BRO
DFW-CYS,DFW,CYS
DFW-FWA,DFW,FWA
DFW-JLN,DFW,JLN
DFW-LRD,DFW,LRD
DFW-PIB,DFW,PIB
DFW-ROW,DFW,ROW
DFW-SRQ,DFW,SRQ
DFW-TYS,DFW,TYS
ALB-DTW,ALB,DTW
DEN-ASE,DEN,ASE
DEN-BFF,DEN,BFF
DEN-BFL,DEN,BFL
DEN-BIL,DEN,BIL
DEN-BIS,DEN,BIS
DEN-BOI,DEN,BOI
DEN-BUR,DEN,BUR
DEN-CMH,DEN,CMH
DEN-CNY,DEN,CNY
DEN-COD,DEN,COD
DEN-COS,DEN,COS
DEN-DSM,DEN,DSM
DEN-EAR,DEN,EAR
DEN-EGE,DEN,EGE
DEN-EUG,DEN,EUG
DEN-FAR,DEN,FAR
DEN-FSD,DEN,FSD
DEN-GCC,DEN,GCC
DEN-HYS,DEN,HYS
DEN-ICT,DEN,ICT
DEN-IND,DEN,IND
DEN-ISN,DEN,ISN
DEN-JMS,DEN,JMS
DEN-LAR,DEN,LAR
DEN-LBF,DEN,LBF
DEN-LBL,DEN,LBL
DEN-MAF,DEN,MAF
DEN-MFR,DEN,MFR
DEN-MKE,DEN,MKE
DEN-MMH,DEN,MMH
DEN-MRY,DEN,MRY
DEN-MTJ,DEN,MTJ
DEN-OKC,DEN,OKC
DEN-PRC,DEN,PRC
DEN-PSP,DEN,PSP
DEN-PUB,DEN,PUB
DEN-RKS,DEN,RKS
DEN-SBP,DEN,SBP
DEN-SGU,DEN,SGU
DEN-SHV,DEN,SHV
DEN-SMF,DEN,SMF
DEN-STL,DEN,STL
DEN-SUN,DEN,SUN
DEN-TUL,DEN,TUL
DEN-TUS,DEN,TUS
DEN-VEL,DEN,VEL
APN-DTW,APN,DTW
ASE-ATL,ASE,ATL
ASE-DEN,ASE,DEN
ASE-DFW,ASE,DFW
ASE-IAH,ASE,IAH
ASE-LAX,ASE,LAX
ASE-MSP,ASE,MSP
ASE-ORD,ASE,ORD
ASE-PHX,ASE,PHX
ASE-SFO,ASE,SFO
ASE-SLC,ASE,SLC
ATL-ABY,ATL,ABY
ATL-ASE,ATL,ASE
ATL-BQK,ATL,BQK
ATL-DHN,ATL,DHN
ATL-FAR,ATL,FAR
ATL-FNT,ATL,FNT
ATL-FWA,ATL,FWA
ATL-MLI,ATL,MLI
ATL-MLU,ATL,MLU
ATL-MOB,ATL,MOB
ATL-MSN,ATL,MSN
ATL-RST,ATL,RST
ATL-SBN,ATL,SBN
ATL-VLD,ATL,VLD
ATL-XNA,ATL,XNA
AUS-SAN,AUS,SAN
AUS-SJC,AUS,SJC
AVL-ORD,AVL,ORD
TUS-DEN,TUS,DEN
TUS-PDX,TUS,PDX
TUS-SFO,TUS,SFO
TUS-SJC,TUS,SJC
TUS-SLC,TUS,SLC
PHX-ABQ,PHX,ABQ
PHX-ASE,PHX,ASE
PHX-BFL,PHX,BFL
PHX-EGE,PHX,EGE
PHX-ELP,PHX,ELP
PHX-EUG,PHX,EUG
PHX-FAT,PHX,FAT
PHX-FLG,PHX,FLG
PHX-GJT,PHX,GJT
PHX-MFR,PHX,MFR
PHX-PSP,PHX,PSP
PHX-RDM,PHX,RDM
PHX-ROW,PHX,ROW
PHX-SAF,PHX,SAF
PHX-SGU,PHX,SGU
PHX-YUM,PHX,YUM
AZO-MSP,AZO,MSP
SHV-DEN,SHV,DEN
BFF-DEN,BFF,DEN
SEA-BZN,SEA,BZN
SEA-DAL,SEA,DAL
SEA-FAT,SEA,FAT
SEA-ICT,SEA,ICT
SEA-JAC,SEA,JAC
SEA-RNO,SEA,RNO
SEA-SBP,SEA,SBP
BFL-DEN,BFL,DEN
BFL-PHX,BFL,PHX
BFL-SFO,BFL,SFO
MOB-ATL,MOB,ATL
BGM-DTW,BGM,DTW
BHM-LGA,BHM,LGA
ELP-LAX,ELP,LAX
ELP-PHX,ELP,PHX
BIL-DEN,BIL,DEN
BIL-SLC,BIL,SLC
BIS-DEN,BIS,DEN
BJI-MSP,BJI,MSP
BNA-DEN,BNA,DEN
BNA-DTW,BNA,DTW
BNA-MSP,BNA,MSP
BOI-DEN,BOI,DEN
BOI-LAX,BOI,LAX
BOI-PDX,BOI,PDX
BOI-SAN,BOI,SAN
BOI-SFO,BOI,SFO
BOI-SJC,BOI,SJC
BQK-ATL,BQK,ATL
BRD-MSP,BRD,MSP
BRO-DFW,BRO,DFW
BTM-SLC,BTM,SLC
BZN-SEA,BZN,SEA
BZN-SFO,BZN,SFO
IAD-CKB,IAD,CKB
IAD-PBG,IAD,PBG
IAD-SAV,IAD,SAV
IAD-SHD,IAD,SHD
CDC-SLC,CDC,SLC
ICT-DEN,ICT,DEN
ICT-MSP,ICT,MSP
ICT-SEA,ICT,SEA
CGI-ORD,CGI,ORD
CGI-UIN,CGI,UIN
MDW-MSP,MDW,MSP
ORD-ASE,ORD,ASE
ORD-AVL,ORD,AVL
ORD-CGI,ORD,CGI
ORD-CHO,ORD,CHO
ORD-CKB,ORD,CKB
ORD-CMX,ORD,CMX
ORD-COS,ORD,COS
ORD-DLH,ORD,DLH
ORD-EAU,ORD,EAU
ORD-FCA,ORD,FCA
ORD-HDN,ORD,HDN
ORD-HPN,ORD,HPN
ORD-LWB,ORD,LWB
ORD-MBS,ORD,MBS
ORD-MEI,ORD,MEI
ORD-MKE,ORD,MKE
ORD-MKG,ORD,MKG
ORD-MTJ,ORD,MTJ
ORD-ORF,ORD,ORF
ORD-PAH,ORD,PAH
ORD-PNS,ORD,PNS
ORD-RAP,ORD,RAP
ORD-SBN,ORD,SBN
ORD-SHD,ORD,SHD
ORD-SLN,ORD,SLN
ORD-SPI,ORD,SPI
ORD-UIN,ORD,UIN
CHO-ORD,CHO,ORD
CID-DTW,CID,DTW
CID-MSP,CID,MSP
CIU-DTW,CIU,DTW
CIU-MSP,CIU,MSP
CKB-IAD,CKB,IAD
CKB-ORD,CKB,ORD
CLT-FWA,CLT,FWA
CMH-DEN,CMH,DEN
CMH-DTW,CMH,DTW
CMX-ORD,CMX,ORD
CNY-DEN,CNY,DEN
COD-DEN,COD,DEN
CPR-SLC,CPR,SLC
STL-DEN,STL,DEN
STL-LGA,STL,LGA
STL-SAN,STL,SAN
STL-SFO,STL,SFO
STL-SLC,STL,SLC
CYS-DFW,CYS,DFW
DTW-ABE,DTW,ABE
DTW-ALB,DTW,ALB
DTW-APN,DTW,APN
DTW-BGM,DTW,BGM
DTW-BNA,DTW,BNA
DTW-CID,DTW,CID
DTW-CIU,DTW,CIU
DTW-CMH,DTW,CMH
DTW-ERI,DTW,ERI
DTW-ESC,DTW,ESC
DTW-FWA,DTW,FWA
DTW-HPN,DTW,HPN
DTW-IMT,DTW,IMT
DTW-ITH,DTW,ITH
DTW-LEX,DTW,LEX
DTW-MBS,DTW,MBS
DTW-MKE,DTW,MKE
DTW-MLI,DTW,MLI
DTW-MQT,DTW,MQT
DTW-OKC,DTW,OKC
DTW-PLN,DTW,PLN
DTW-SBN,DTW,SBN
DTW-SCE,DTW,SCE
DTW-SDF,DTW,SDF
DTW-SWF,DTW,SWF
DHN-ATL,DHN,ATL
DLH-MSP,DLH,MSP
DLH-ORD,DLH,ORD
DSM-SLC,DSM,SLC
DVL-JMS,DVL,JMS
IAH-ASE,IAH,ASE
IAH-LGA,IAH,LGA
IAH-MSP,IAH,MSP
IAH-SGF,IAH,SGF
IAH-SLC,IAH,SLC
EAR-DEN,EAR,DEN
EAU-ORD,EAU,ORD
EGE-DEN,EGE,DEN
EGE-PHX,EGE,PHX
EGE-SFO,EGE,SFO
EGE-SLC,EGE,SLC
EKO-SLC,EKO,SLC
ERI-DTW,ERI,DTW
ESC-DTW,ESC,DTW
EUG-DEN,EUG,DEN
EUG-LAX,EUG,LAX
EUG-PHX,EUG,PHX
EUG-SFO,EUG,SFO
EUG-SLC,EUG,SLC
FAR-DEN,FAR,DEN
FAR-MSP,FAR,MSP
FAT-LAX,FAT,LAX
FAT-PDX,FAT,PDX
FAT-PHX,FAT,PHX
FAT-SAN,FAT,SAN
FAT-SEA,FAT,SEA
FAT-SFO,FAT,SFO
FAT-SLC,FAT,SLC
FCA-ORD,FCA,ORD
FCA-SLC,FCA,SLC
MSP-ABR,MSP,ABR
MSP-ASE,MSP,ASE
MSP-AZO,MSP,AZO
MSP-BJI,MSP,BJI
MSP-BNA,MSP,BNA
MSP-BRD,MSP,BRD
MSP-CID,MSP,CID
MSP-CIU,MSP,CIU
MSP-DLH,MSP,DLH
MSP-FWA,MSP,FWA
MSP-GFK,MSP,GFK
MSP-GRB,MSP,GRB
MSP-HIB,MSP,HIB
MSP-HLN,MSP,HLN
MSP-IAH,MSP,IAH
MSP-ICT,MSP,ICT
MSP-IMT,MSP,IMT
MSP-INL,MSP,INL
MSP-ISN,MSP,ISN
MSP-LAN,MSP,LAN
MSP-LNK,MSP,LNK
MSP-LSE,MSP,LSE
MSP-MDW,MSP,MDW
MSP-MLI,MSP,MLI
MSP-MQT,MSP,MQT
MSP-OKC,MSP,OKC
MSP-PSC,MSP,PSC
MSP-RAP,MSP,RAP
MSP-RHI,MSP,RHI
MSP-RST,MSP,RST
MSP-XNA,MSP,XNA
FLG-PHX,FLG,PHX
HPN-DTW,HPN,DTW
HPN-ORD,HPN,ORD
LGA-BHM,LGA,BHM
LGA-GSP,LGA,GSP
LGA-IAH,LGA,IAH
LGA-MKE,LGA,MKE
LGA-MSN,LGA,MSN
LGA-SAV,LGA,SAV
LGA-STL,LGA,STL
LGA-SYR,LGA,SYR
SWF-DTW,SWF,DTW
FNT-ATL,FNT,ATL
FSD-DEN,FSD,DEN
FWA-ATL,FWA,ATL
FWA-CLT,FWA,CLT
FWA-DFW,FWA,DFW
FWA-DTW,FWA,DTW
FWA-MSP,FWA,MSP
XNA-ATL,XNA,ATL
XNA-MSP,XNA,MSP
XNA-SFO,XNA,SFO
GCC-DEN,GCC,DEN
GSP-LGA,GSP,LGA
GEG-SAN,GEG,SAN
GEG-SFO,GEG,SFO
GTF-SLC,GTF,SLC
GFK-MSP,GFK,MSP
GJT-PHX,GJT,PHX
GJT-SLC,GJT,SLC
GRB-MSP,GRB,MSP
GRR-DEN,GRR,DEN
HIB-MSP,HIB,MSP
HLN-MSP,HLN,MSP
HLN-SLC,HLN,SLC
LAS-SNA,LAS,SNA
HYS-DEN,HYS,DEN
HYS-SLN,HYS,SLN
IDA-SLC,IDA,SLC
IMT-DTW,IMT,DTW
IMT-MSP,IMT,MSP
IND-DEN,IND,DEN
INL-MSP,INL,MSP
ISN-DEN,ISN,DEN
ISN-MSP,ISN,MSP
ITH-DTW,ITH,DTW
JAC-LAX,JAC,LAX
JAC-SEA,JAC,SEA
JAC-SFO,JAC,SFO
SFO-ABQ,SFO,ABQ
SFO-ACV,SFO,ACV
SFO-ASE,SFO,ASE
SFO-BFL,SFO,BFL
SFO-BOI,SFO,BOI
SFO-BUR,SFO,BUR
SFO-BZN,SFO,BZN
SFO-DAL,SFO,DAL
SFO-EGE,SFO,EGE
SFO-EUG,SFO,EUG
SFO-FAT,SFO,FAT
SFO-GEG,SFO,GEG
SFO-JAC,SFO,JAC
SFO-MCI,SFO,MCI
SFO-MFR,SFO,MFR
SFO-MMH,SFO,MMH
SFO-MRY,SFO,MRY
SFO-MSN,SFO,MSN
SFO-MTJ,SFO,MTJ
SFO-OKC,SFO,OKC
SFO-ONT,SFO,ONT
SFO-OTH,SFO,OTH
SFO-PSC,SFO,PSC
SFO-RDD,SFO,RDD
SFO-RDM,SFO,RDM
SFO-RNO,SFO,RNO
SFO-SAT,SFO,SAT
SFO-SBA,SFO,SBA
SFO-SBP,SFO,SBP
SFO-SMF,SFO,SMF
SFO-SNA,SFO,SNA
SFO-STL,SFO,STL
SFO-STS,SFO,STS
SFO-SUN,SFO,SUN
SFO-TUS,SFO,TUS
SFO-XNA,SFO,XNA
SJC-AUS,SJC,AUS
SJC-BOI,SJC,BOI
SJC-BUR,SJC,BUR
SJC-DAL,SJC,DAL
SJC-LAX,SJC,LAX
SJC-RNO,SJC,RNO
SJC-SAN,SJC,SAN
SJC-SNA,SJC,SNA
SJC-TUS,SJC,TUS
JLN-DFW,JLN,DFW
JMS-DEN,JMS,DEN
JMS-DVL,JMS,DVL
RST-ATL,RST,ATL
RST-MSP,RST,MSP
BUR-DEN,BUR,DEN
BUR-SFO,BUR,SFO
BUR-SJC,BUR,SJC
BUR-SLC,BUR,SLC
LAX-ABQ,LAX,ABQ
LAX-ACV,LAX,ACV
LAX-ASE,LAX,ASE
LAX-BOI,LAX,BOI
LAX-COS,LAX,COS
LAX-DAL,LAX,DAL
LAX-ELP,LAX,ELP
LAX-EUG,LAX,EUG
LAX-FAT,LAX,FAT
LAX-HDN,LAX,HDN
LAX-JAC,LAX,JAC
LAX-MMH,LAX,MMH
LAX-MRY,LAX,MRY
LAX-PRC,LAX,PRC
LAX-PSP,LAX,PSP
LAX-RDM,LAX,RDM
LAX-RNO,LAX,RNO
LAX-SBA,LAX,SBA
LAX-SBP,LAX,SBP
LAX-SGU,LAX,SGU
LAX-SJC,LAX,SJC
LAX-SUN,LAX,SUN
ONT-SFO,ONT,SFO
SNA-LAS,SNA,LAS
SNA-SFO,SNA,SFO
SNA-SJC,SNA,SJC
LIT-DEN,LIT,DEN
LAN-MSP,LAN,MSP
LAR-DEN,LAR,DEN
LBF-DEN,LBF,DEN
LBL-DEN,LBL,DEN
LEX-DTW,LEX,DTW
LNK-MSP,LNK,MSP
LRD-DFW,LRD,DFW
SDF-DTW,SDF,DTW
LSE-MSP,LSE,MSP
LWB-ORD,LWB,ORD
LWS-SLC,LWS,SLC
MAF-DEN,MAF,DEN
MBS-DTW,MBS,DTW
MBS-ORD,MBS,ORD
SMF-DEN,SMF,DEN
SMF-PDX,SMF,PDX
SMF-SAN,SMF,SAN
SMF-SFO,SMF,SFO
SMF-SLC,SMF,SLC
MCI-PDX,MCI,PDX
MCI-SAN,MCI,SAN
MCI-SFO,MCI,SFO
MCI-SLC,MCI,SLC
SAT-SFO,SAT,SFO
MEI-DFW,MEI,DFW
MEI-ORD,MEI,ORD
MEI-PIB,MEI,PIB
MFR-DEN,MFR,DEN
MFR-PHX,MFR,PHX
MFR-SFO,MFR,SFO
MFR-SLC,MFR,SLC
OMA-DTW,OMA,DTW
OMA-SAN,OMA,SAN
MKE-DEN,MKE,DEN
MKE-DTW,MKE,DTW
MKE-LGA,MKE,LGA
MKE-ORD,MKE,ORD
MKG-ORD,MKG,ORD
MLI-ATL,MLI,ATL
MLI-DTW,MLI,DTW
MLI-MSP,MLI,MSP
MLU-ATL,MLU,ATL
MMH-DEN,MMH,DEN
MMH-LAX,MMH,LAX
MMH-SFO,MMH,SFO
MQT-DTW,MQT,DTW
MQT-MSP,MQT,MSP
MSN-ATL,MSN,ATL
MSN-LGA,MSN,LGA
MSN-SFO,MSN,SFO
MSN-SLC,MSN,SLC
MTJ-DEN,MTJ,DEN
MTJ-ORD,MTJ,ORD
MTJ-SFO,MTJ,SFO
MTJ-SLC,MTJ,SLC
SAN-AUS,SAN,AUS
SAN-BOI,SAN,BOI
SAN-DAL,SAN,DAL
SAN-FAT,SAN,FAT
SAN-GEG,SAN,GEG
SAN-MCI,SAN,MCI
SAN-MRY,SAN,MRY
SAN-OMA,SAN,OMA
SAN-SJC,SAN,SJC
SAN-SMF,SAN,SMF
SAN-STL,SAN,STL
SAN-STS,SAN,STS
ORF-ORD,ORF,ORD
PNS-ORD,PNS,ORD
YUM-PHX,YUM,PHX
RDD-SFO,RDD,SFO
OKC-DEN,OKC,DEN
OKC-DTW,OKC,DTW
OKC-MSP,OKC,MSP
OKC-SFO,OKC,SFO
OKC-SLC,OKC,SLC
OTH-SFO,OTH,SFO
PAH-ORD,PAH,ORD
PBG-IAD,PBG,IAD
PDX-BOI,PDX,BOI
PDX-DAL,PDX,DAL
PDX-DEN,PDX,DEN
PDX-FAT,PDX,FAT
PDX-MCI,PDX,MCI
PDX-RNO,PDX,RNO
PDX-TUS,PDX,TUS
PIB-MEI,PIB,MEI
PIH-SLC,PIH,SLC
PLN-APN,PLN,APN
PLN-DTW,PLN,DTW
SBP-DEN,SBP,DEN
SBP-LAX,SBP,LAX
SBP-SEA,SBP,SEA
SBP-SFO,SBP,SFO
PRC-DEN,PRC,DEN
PRC-LAX,PRC,LAX
PSC-MSP,PSC,MSP
PSC-SFO,PSC,SFO
PSC-SLC,PSC,SLC
PSP-DEN,PSP,DEN
PSP-LAX,PSP,LAX
PSP-PHX,PSP,PHX
PSP-SLC,PSP,SLC
PUB-DEN,PUB,DEN
PUB-LBL,PUB,LBL
STS-SAN,STS,SAN
STS-SFO,STS,SFO
RAP-DEN,RAP,DEN
RAP-SLC,RAP,SLC
RDM-LAX,RDM,LAX
RDM-PHX,RDM,PHX
RDM-SFO,RDM,SFO
RDM-SLC,RDM,SLC
RHI-MSP,RHI,MSP
RKS-DEN,RKS,DEN
RNO-LAX,RNO,LAX
RNO-PDX,RNO,PDX
RNO-SEA,RNO,SEA
RNO-SFO,RNO,SFO
RNO-SJC,RNO,SJC
ROW-DFW,ROW,DFW
ROW-PHX,ROW,PHX
SLC-ABQ,SLC,ABQ
SLC-ASE,SLC,ASE
SLC-BTM,SLC,BTM
SLC-BUR,SLC,BUR
SLC-CDC,SLC,CDC
SLC-COS,SLC,COS
SLC-CPR,SLC,CPR
SLC-DSM,SLC,DSM
SLC-EGE,SLC,EGE
SLC-EKO,SLC,EKO
SLC-ELP,SLC,ELP
SLC-EUG,SLC,EUG
SLC-FAT,SLC,FAT
SLC-FCA,SLC,FCA
SLC-GJT,SLC,GJT
SLC-GTF,SLC,GTF
SLC-HLN,SLC,HLN
SLC-IDA,SLC,IDA
SLC-LWS,SLC,LWS
SLC-MCI,SLC,MCI
SLC-MFR,SLC,MFR
SLC-MKE,SLC,MKE
SLC-MSN,SLC,MSN
SLC-MTJ,SLC,MTJ
SLC-OKC,SLC,OKC
SLC-PIH,SLC,PIH
SLC-PSC,SLC,PSC
SLC-PSP,SLC,PSP
SLC-RAP,SLC,RAP
SLC-RDM,SLC,RDM
SLC-SGU,SLC,SGU
SLC-SMF,SLC,SMF
SLC-STL,SLC,STL
SLC-SUN,SLC,SUN
SLC-TUL,SLC,TUL
SLC-TUS,SLC,TUS
SLC-TWF,SLC,TWF
TUL-DEN,TUL,DEN
TUL-SLC,TUL,SLC
SAF-PHX,SAF,PHX
SAV-IAD,SAV,IAD
SBA-LAX,SBA,LAX
SBA-SFO,SBA,SFO
SBN-ATL,SBN,ATL
SBN-DTW,SBN,DTW
SBN-ORD,SBN,ORD
HDN-LAX,HDN,LAX
HDN-ORD,HDN,ORD
SCE-DTW,SCE,DTW
SGF-IAH,SGF,IAH
SGU-DEN,SGU,DEN
SGU-LAX,SGU,LAX
SGU-PHX,SGU,PHX
SGU-SLC,SGU,SLC
SHD-IAD,SHD,IAD
SHD-ORD,SHD,ORD
SLN-HYS,SLN,HYS
SLN-ORD,SLN,ORD
MRY-DEN,MRY,DEN
MRY-LAX,MRY,LAX
MRY-SAN,MRY,SAN
MRY-SFO,MRY,SFO
SPI-ORD,SPI,ORD
SRQ-DFW,SRQ,DFW
SUN-DEN,SUN,DEN
SUN-LAX,SUN,LAX
SUN-SFO,SUN,SFO
SUN-SLC,SUN,SLC
SYR-LGA,SYR,LGA
TWF-SLC,TWF,SLC
TYS-DFW,TYS,DFW
UIN-CGI,UIN,CGI
UIN-ORD,UIN,ORD
VLD-ATL,VLD,ATL
VEL-DEN,VEL,DEN
PIT-DEN,PIT,DEN
PIT-IAD,PIT,IAD
PIT-SFO,PIT,SFO
ANC-DEN,ANC,DEN
DEN-ABQ,DEN,ABQ
DEN-ANC,DEN,ANC
DEN-BDL,DEN,BDL
DEN-CLE,DEN,CLE
DEN-CVG,DEN,CVG
DEN-EWR,DEN,EWR
DEN-GEG,DEN,GEG
DEN-GRR,DEN,GRR
DEN-HNL,DEN,HNL
DEN-IAD,DEN,IAD
DEN-JAC,DEN,JAC
DEN-JAX,DEN,JAX
DEN-KOA,DEN,KOA
DEN-LIH,DEN,LIH
DEN-MSO,DEN,MSO
DEN-OGG,DEN,OGG
DEN-OMA,DEN,OMA
DEN-ORF,DEN,ORF
DEN-PIT,DEN,PIT
DEN-RIC,DEN,RIC
DEN-RNO,DEN,RNO
DEN-SJC,DEN,SJC
AUS-EWR,AUS,EWR
AUS-IAH,AUS,IAH
TUS-IAH,TUS,IAH
PHX-IAD,PHX,IAD
BDL-DEN,BDL,DEN
BDL-IAD,BDL,IAD
CLE-DEN,CLE,DEN
CLE-SFO,CLE,SFO
BOS-IAH,BOS,IAH
BQN-EWR,BQN,EWR
BUF-EWR,BUF,EWR
BZN-EWR,BZN,EWR
DCA-IAH,DCA,IAH
IAD-BDL,IAD,BDL
IAD-CHS,IAD,CHS
IAD-DEN,IAD,DEN
IAD-EGE,IAD,EGE
IAD-EWR,IAD,EWR
IAD-FLL,IAD,FLL
IAD-HNL,IAD,HNL
IAD-IAH,IAD,IAH
IAD-MIA,IAD,MIA
IAD-MSY,IAD,MSY
IAD-ORD,IAD,ORD
IAD-ORF,IAD,ORF
IAD-PDX,IAD,PDX
IAD-PHX,IAD,PHX
IAD-PIT,IAD,PIT
IAD-RDU,IAD,RDU
IAD-SAN,IAD,SAN
IAD-SAT,IAD,SAT
IAD-SJU,IAD,SJU
IAD-SMF,IAD,SMF
IAD-STT,IAD,STT
IAD-TPA,IAD,TPA
ORD-BTV,ORD,BTV
ORD-GEG,ORD,GEG
ORD-IAD,ORD,IAD
ORD-OGG,ORD,OGG
CHS-EWR,CHS,EWR
CHS-IAD,CHS,IAD
JAX-DEN,JAX,DEN
DSM-DEN,DSM,DEN
IAH-AUS,IAH,AUS
IAH-BOS,IAH,BOS
IAH-CLE,IAH,CLE
IAH-DCA,IAH,DCA
IAH-EGE,IAH,EGE
IAH-GUC,IAH,GUC
IAH-HDN,IAH,HDN
IAH-HNL,IAH,HNL
IAH-IAD,IAH,IAD
IAH-JAC,IAH,JAC
IAH-ORF,IAH,ORF
IAH-PBI,IAH,PBI
IAH-PDX,IAH,PDX
IAH-RDU,IAH,RDU
IAH-RSW,IAH,RSW
IAH-SAT,IAH,SAT
IAH-SFO,IAH,SFO
IAH-SJC,IAH,SJC
IAH-SJU,IAH,SJU
IAH-SMF,IAH,SMF
IAH-SNA,IAH,SNA
IAH-TUS,IAH,TUS
EGE-EWR,EGE,EWR
EGE-IAD,EGE,IAD
EGE-IAH,EGE,IAH
EWR-AUS,EWR,AUS
EWR-BQN,EWR,BQN
EWR-BZN,EWR,BZN
EWR-DEN,EWR,DEN
EWR-EGE,EWR,EGE
EWR-HNL,EWR,HNL
EWR-IAD,EWR,IAD
EWR-JAC,EWR,JAC
EWR-MCI,EWR,MCI
EWR-MTJ,EWR,MTJ
EWR-PSP,EWR,PSP
EWR-ROC,EWR,ROC
EWR-SAT,EWR,SAT
EWR-SMF,EWR,SMF
EWR-SNA,EWR,SNA
EWR-SRQ,EWR,SRQ
EWR-STT,EWR,STT
RSW-IAH,RSW,IAH
GEG-DEN,GEG,DEN
GEG-ORD,GEG,ORD
GUC-IAH,GUC,IAH
GUM-HNL,GUM,HNL
GUM-SPN,GUM,SPN
HNL-DEN,HNL,DEN
HNL-EWR,HNL,EWR
HNL-GUM,HNL,GUM
HNL-IAD,HNL,IAD
HNL-IAH,HNL,IAH
IND-IAD,IND,IAD
IND-SFO,IND,SFO
ITO-LAX,ITO,LAX
JAC-DEN,JAC,DEN
JAC-EWR,JAC,EWR
JAC-IAH,JAC,IAH
SFO-CLE,SFO,CLE
SFO-CVG,SFO,CVG
SFO-DEN,SFO,DEN
SFO-IAH,SFO,IAH
SFO-IND,SFO,IND
SFO-KOA,SFO,KOA
SFO-LIH,SFO,LIH
SFO-OMA,SFO,OMA
SFO-PIT,SFO,PIT
SFO-TPA,SFO,TPA
SJC-DEN,SJC,DEN
SJC-IAH,SJC,IAH
FLL-IAD,FLL,IAD
MIA-IAD,MIA,IAD
LAX-ITO,LAX,ITO
SNA-EWR,SNA,EWR
SNA-IAH,SNA,IAH
KOA-DEN,KOA,DEN
LIH-DEN,LIH,DEN
LIH-SFO,LIH,SFO
CVG-DEN,CVG,DEN
CVG-SFO,CVG,SFO
SMF-EWR,SMF,EWR
SMF-IAD,SMF,IAD
SMF-IAH,SMF,IAH
TPA-IAD,TPA,IAD
TPA-SFO,TPA,SFO
MCI-EWR,MCI,EWR
SAT-EWR,SAT,EWR
SAT-IAD,SAT,IAD
SAT-IAH,SAT,IAH
OMA-DEN,OMA,DEN
OMA-SFO,OMA,SFO
MSN-DEN,MSN,DEN
MSO-DEN,MSO,DEN
MSY-IAD,MSY,IAD
MTJ-EWR,MTJ,EWR
SAN-IAD,SAN,IAD
ORF-DEN,ORF,DEN
ORF-EWR,ORF,EWR
ORF-IAD,ORF,IAD
ORF-IAH,ORF,IAH
OGG-DEN,OGG,DEN
OGG-ORD,OGG,ORD
PBI-IAH,PBI,IAH
PDX-IAD,PDX,IAD
PDX-IAH,PDX,IAH
PSP-EWR,PSP,EWR
RDU-IAD,RDU,IAD
RDU-IAH,RDU,IAH
RIC-DEN,RIC,DEN
RNO-DEN,RNO,DEN
HDN-IAH,HDN,IAH
SJU-IAD,SJU,IAD
SJU-IAH,SJU,IAH
STT-EWR,STT,EWR
STT-IAD,STT,IAD
SPN-GUM,SPN,GUM
SRQ-EWR,SRQ,EWR
ABQ-BWI,ABQ,BWI
ABQ-DAL,ABQ,DAL
ABQ-DEN,ABQ,DEN
ABQ-HOU,ABQ,HOU
ABQ-LAS,ABQ,LAS
ABQ-MCI,ABQ,MCI
ABQ-MDW,ABQ,MDW
ABQ-OAK,ABQ,OAK
ABQ-SAN,ABQ,SAN
DAL-ABQ,DAL,ABQ
DAL-AMA,DAL,AMA
DAL-AUS,DAL,AUS
DAL-BHM,DAL,BHM
DAL-BNA,DAL,BNA
DAL-BOS,DAL,BOS
DAL-BUR,DAL,BUR
DAL-BWI,DAL,BWI
DAL-CLT,DAL,CLT
DAL-CMH,DAL,CMH
DAL-DCA,DAL,DCA
DAL-DEN,DAL,DEN
DAL-DTW,DAL,DTW
DAL-ELP,DAL,ELP
DAL-FLL,DAL,FLL
DAL-HOU,DAL,HOU
DAL-IND,DAL,IND
DAL-LAS,DAL,LAS
DAL-LBB,DAL,LBB
DAL-LGA,DAL,LGA
DAL-LIT,DAL,LIT
DAL-MAF,DAL,MAF
DAL-MCI,DAL,MCI
DAL-MCO,DAL,MCO
DAL-MDW,DAL,MDW
DAL-MEM,DAL,MEM
DAL-MSY,DAL,MSY
DAL-OAK,DAL,OAK
DAL-OKC,DAL,OKC
DAL-OMA,DAL,OMA
DAL-ONT,DAL,ONT
DAL-PHL,DAL,PHL
DAL-PHX,DAL,PHX
DAL-PIT,DAL,PIT
DAL-RDU,DAL,RDU
DAL-SAT,DAL,SAT
DAL-SLC,DAL,SLC
DAL-SMF,DAL,SMF
DAL-SNA,DAL,SNA
DAL-STL,DAL,STL
DAL-TPA,DAL,TPA
DAL-TUL,DAL,TUL
PIT-BNA,PIT,BNA
PIT-BWI,PIT,BWI
PIT-DAL,PIT,DAL
PIT-HOU,PIT,HOU
PIT-MDW,PIT,MDW
PIT-STL,PIT,STL
ALB-BWI,ALB,BWI
ALB-DEN,ALB,DEN
ALB-MDW,ALB,MDW
ALB-TPA,ALB,TPA
AMA-DAL,AMA,DAL
AMA-LAS,AMA,LAS
DEN-ALB,DEN,ALB
DEN-DAL,DEN,DAL
DEN-ELP,DEN,ELP
DEN-HOU,DEN,HOU
DEN-LBB,DEN,LBB
DEN-MDW,DEN,MDW
DEN-MEM,DEN,MEM
DEN-OAK,DEN,OAK
DEN-SDF,DEN,SDF
ATL-OAK,ATL,OAK
AUS-BNA,AUS,BNA
AUS-BWI,AUS,BWI
AUS-DAL,AUS,DAL
AUS-DCA,AUS,DCA
AUS-ELP,AUS,ELP
AUS-HOU,AUS,HOU
AUS-HRL,AUS,HRL
AUS-LAS,AUS,LAS
AUS-LBB,AUS,LBB
AUS-MCI,AUS,MCI
AUS-MDW,AUS,MDW
AUS-MSY,AUS,MSY
AUS-OAK,AUS,OAK
AUS-SMF,AUS,SMF
AUS-STL,AUS,STL
AUS-TPA,AUS,TPA
TUS-LAS,TUS,LAS
TUS-MDW,TUS,MDW
TUS-SAN,TUS,SAN
PHX-BNA,PHX,BNA
PHX-BUF,PHX,BUF
PHX-BUR,PHX,BUR
PHX-DAL,PHX,DAL
PHX-FLL,PHX,FLL
PHX-HOU,PHX,HOU
PHX-ICT,PHX,ICT
PHX-LIT,PHX,LIT
PHX-MDW,PHX,MDW
PHX-MSY,PHX,MSY
PHX-OKC,PHX,OKC
PHX-SDF,PHX,SDF
PHX-TUL,PHX,TUL
BDL-BWI,BDL,BWI
BDL-MDW,BDL,MDW
BDL-STL,BDL,STL
SEA-MDW,SEA,MDW
BHM-BWI,BHM,BWI
BHM-DAL,BHM,DAL
BHM-HOU,BHM,HOU
BHM-LAS,BHM,LAS
BHM-MCO,BHM,MCO
BHM-MDW,BHM,MDW
BHM-TPA,BHM,TPA
ELP-AUS,ELP,AUS
ELP-DAL,ELP,DAL
ELP-DEN,ELP,DEN
ELP-HOU,ELP,HOU
ELP-LAS,ELP,LAS
ELP-SAT,ELP,SAT
CLE-BNA,CLE,BNA
CLE-BWI,CLE,BWI
CLE-MDW,CLE,MDW
CLE-MKE,CLE,MKE
CLE-STL,CLE,STL
BNA-AUS,BNA,AUS
BNA-BWI,BNA,BWI
BNA-CHS,BNA,CHS
BNA-CLE,BNA,CLE
BNA-CMH,BNA,CMH
BNA-DAL,BNA,DAL
BNA-ECP,BNA,ECP
BNA-HOU,BNA,HOU
BNA-JAX,BNA,JAX
BNA-LAS,BNA,LAS
BNA-MCI,BNA,MCI
BNA-MDW,BNA,MDW
BNA-MKE,BNA,MKE
BNA-MSY,BNA,MSY
BNA-OAK,BNA,OAK
BNA-PHX,BNA,PHX
BNA-PIT,BNA,PIT
BNA-PNS,BNA,PNS
BNA-RDU,BNA,RDU
BNA-SAN,BNA,SAN
BNA-SAT,BNA,SAT
BNA-STL,BNA,STL
BNA-TPA,BNA,TPA
BOI-GEG,BOI,GEG
BOI-LAS,BOI,LAS
BOI-OAK,BOI,OAK
BOI-SMF,BOI,SMF
BOS-CMH,BOS,CMH
BOS-DAL,BOS,DAL
BOS-IND,BOS,IND
BOS-MCI,BOS,MCI
BOS-MDW,BOS,MDW
BOS-MKE,BOS,MKE
BOS-STL,BOS,STL
MHT-BWI,MHT,BWI
MHT-MCO,MHT,MCO
MHT-MDW,MHT,MDW
MHT-TPA,MHT,TPA
PVD-BWI,PVD,BWI
PVD-MDW,PVD,MDW
PVD-TPA,PVD,TPA
BUF-BWI,BUF,BWI
BUF-LAS,BUF,LAS
BUF-MDW,BUF,MDW
BUF-PHX,BUF,PHX
BUF-TPA,BUF,TPA
BWI-ABQ,BWI,ABQ
BWI-ALB,BWI,ALB
BWI-AUS,BWI,AUS
BWI-BDL,BWI,BDL
BWI-BHM,BWI,BHM
BWI-BNA,BWI,BNA
BWI-BUF,BWI,BUF
BWI-CHS,BWI,CHS
BWI-CLE,BWI,CLE
BWI-CMH,BWI,CMH
BWI-CVG,BWI,CVG
BWI-DAL,BWI,DAL
BWI-GRR,BWI,GRR
BWI-HOU,BWI,HOU
BWI-IND,BWI,IND
BWI-ISP,BWI,ISP
BWI-JAX,BWI,JAX
BWI-MCI,BWI,MCI
BWI-MDW,BWI,MDW
BWI-MEM,BWI,MEM
BWI-MHT,BWI,MHT
BWI-MKE,BWI,MKE
BWI-OAK,BWI,OAK
BWI-OKC,BWI,OKC
BWI-ORF,BWI,ORF
BWI-PBI,BWI,PBI
BWI-PIT,BWI,PIT
BWI-PVD,BWI,PVD
BWI-PWM,BWI,PWM
BWI-RDU,BWI,RDU
BWI-ROC,BWI,ROC
BWI-SAT,BWI,SAT
BWI-SDF,BWI,SDF
BWI-SJC,BWI,SJC
BWI-SJU,BWI,SJU
BWI-SMF,BWI,SMF
BWI-STL,BWI,STL
DCA-AUS,DCA,AUS
DCA-CMH,DCA,CMH
DCA-DAL,DCA,DAL
DCA-HOU,DCA,HOU
DCA-MCI,DCA,MCI
DCA-MDW,DCA,MDW
DCA-MKE,DCA,MKE
DCA-MSY,DCA,MSY
DCA-OKC,DCA,OKC
DCA-OMA,DCA,OMA
DCA-STL,DCA,STL
ICT-LAS,ICT,LAS
ICT-PHX,ICT,PHX
ICT-STL,ICT,STL
MDW-ABQ,MDW,ABQ
MDW-ALB,MDW,ALB
MDW-AUS,MDW,AUS
MDW-BDL,MDW,BDL
MDW-BHM,MDW,BHM
MDW-BNA,MDW,BNA
MDW-BOS,MDW,BOS
MDW-BUF,MDW,BUF
MDW-BUR,MDW,BUR
MDW-BWI,MDW,BWI
MDW-CHS,MDW,CHS
MDW-CLE,MDW,CLE
MDW-CLT,MDW,CLT
MDW-CMH,MDW,CMH
MDW-CVG,MDW,CVG
MDW-DAL,MDW,DAL
MDW-DCA,MDW,DCA
MDW-DEN,MDW,DEN
MDW-DTW,MDW,DTW
MDW-EWR,MDW,EWR
MDW-FLL,MDW,FLL
MDW-GRR,MDW,GRR
MDW-HOU,MDW,HOU
MDW-IND,MDW,IND
MDW-JAX,MDW,JAX
MDW-LAS,MDW,LAS
MDW-LAX,MDW,LAX
MDW-LGA,MDW,LGA
MDW-MCI,MDW,MCI
MDW-MCO,MDW,MCO
MDW-MEM,MDW,MEM
MDW-MHT,MDW,MHT
MDW-MSY,MDW,MSY
MDW-OAK,MDW,OAK
MDW-OKC,MDW,OKC
MDW-OMA,MDW,OMA
MDW-ONT,MDW,ONT
MDW-ORF,MDW,ORF
MDW-PDX,MDW,PDX
MDW-PHL,MDW,PHL
MDW-PHX,MDW,PHX
MDW-PIT,MDW,PIT
MDW-PVD,MDW,PVD
MDW-RDU,MDW,RDU
MDW-RSW,MDW,RSW
MDW-SAN,MDW,SAN
MDW-SAT,MDW,SAT
MDW-SDF,MDW,SDF
MDW-SEA,MDW,SEA
MDW-SFO,MDW,SFO
MDW-SJC,MDW,SJC
MDW-SJU,MDW,SJU
MDW-SLC,MDW,SLC
MDW-SMF,MDW,SMF
MDW-STL,MDW,STL
MDW-TPA,MDW,TPA
MDW-TUS,MDW,TUS
CHS-BNA,CHS,BNA
CHS-BWI,CHS,BWI
CHS-HOU,CHS,HOU
CHS-MDW,CHS,MDW
CLT-DAL,CLT,DAL
CLT-HOU,CLT,HOU
CLT-MDW,CLT,MDW
CMH-BNA,CMH,BNA
CMH-BOS,CMH,BOS
CMH-BWI,CMH,BWI
CMH-DAL,CMH,DAL
CMH-DCA,CMH,DCA
CMH-HOU,CMH,HOU
CMH-MDW,CMH,MDW
CMH-OAK,CMH,OAK
CMH-STL,CMH,STL
STL-AUS,STL,AUS
STL-BDL,STL,BDL
STL-BNA,STL,BNA
STL-BOS,STL,BOS
STL-BWI,STL,BWI
STL-CLE,STL,CLE
STL-CMH,STL,CMH
STL-DAL,STL,DAL
STL-DCA,STL,DCA
STL-DSM,STL,DSM
STL-DTW,STL,DTW
STL-EWR,STL,EWR
STL-FLL,STL,FLL
STL-HOU,STL,HOU
STL-ICT,STL,ICT
STL-LIT,STL,LIT
STL-MCI,STL,MCI
STL-MDW,STL,MDW
STL-MKE,STL,MKE
STL-MSP,STL,MSP
STL-MSY,STL,MSY
STL-OAK,STL,OAK
STL-OKC,STL,OKC
STL-OMA,STL,OMA
STL-PDX,STL,PDX
STL-PIT,STL,PIT
STL-RDU,STL,RDU
STL-RSW,STL,RSW
STL-SAT,STL,SAT
STL-SJC,STL,SJC
STL-SMF,STL,SMF
STL-TPA,STL,TPA
STL-TUL,STL,TUL
JAX-BNA,JAX,BNA
JAX-BWI,JAX,BWI
JAX-HOU,JAX,HOU
JAX-MDW,JAX,MDW
CRP-HOU,CRP,HOU
DTW-DAL,DTW,DAL
DTW-MDW,DTW,MDW
DTW-STL,DTW,STL
DSM-LAS,DSM,LAS
DSM-STL,DSM,STL
HOU-ABQ,HOU,ABQ
HOU-AUS,HOU,AUS
HOU-BHM,HOU,BHM
HOU-BNA,HOU,BNA
HOU-BUR,HOU,BUR
HOU-BWI,HOU,BWI
HOU-CHS,HOU,CHS
HOU-CLT,HOU,CLT
HOU-CMH,HOU,CMH
HOU-CRP,HOU,CRP
HOU-DAL,HOU,DAL
HOU-DCA,HOU,DCA
HOU-DEN,HOU,DEN
HOU-ECP,HOU,ECP
HOU-ELP,HOU,ELP
HOU-FLL,HOU,FLL
HOU-HRL,HOU,HRL
HOU-IND,HOU,IND
HOU-JAX,HOU,JAX
HOU-LAS,HOU,LAS
HOU-LAX,HOU,LAX
HOU-LGA,HOU,LGA
HOU-MAF,HOU,MAF
HOU-MCI,HOU,MCI
HOU-MCO,HOU,MCO
HOU-MDW,HOU,MDW
HOU-MEM,HOU,MEM
HOU-MKE,HOU,MKE
HOU-MSY,HOU,MSY
HOU-OAK,HOU,OAK
HOU-OKC,HOU,OKC
HOU-OMA,HOU,OMA
HOU-PHX,HOU,PHX
HOU-PIT,HOU,PIT
HOU-PNS,HOU,PNS
HOU-RDU,HOU,RDU
HOU-SAN,HOU,SAN
HOU-SAT,HOU,SAT
HOU-SDF,HOU,SDF
HOU-SJC,HOU,SJC
HOU-SLC,HOU,SLC
HOU-SNA,HOU,SNA
HOU-STL,HOU,STL
HOU-TPA,HOU,TPA
HOU-TUL,HOU,TUL
MCO-BHM,MCO,BHM
MCO-DAL,MCO,DAL
MCO-HOU,MCO,HOU
MCO-MDW,MCO,MDW
MCO-MEM,MCO,MEM
MCO-MHT,MCO,MHT
MCO-OAK,MCO,OAK
MCO-ORF,MCO,ORF
MCO-ROC,MCO,ROC
MCO-SAT,MCO,SAT
MCO-SJC,MCO,SJC
MCO-SMF,MCO,SMF
ECP-BNA,ECP,BNA
ECP-HOU,ECP,HOU
MSP-OAK,MSP,OAK
MSP-STL,MSP,STL
EWR-MDW,EWR,MDW
EWR-OAK,EWR,OAK
ISP-BWI,ISP,BWI
ISP-FLL,ISP,FLL
ISP-TPA,ISP,TPA
LGA-DAL,LGA,DAL
LGA-HOU,LGA,HOU
LGA-MCI,LGA,MCI
LGA-MDW,LGA,MDW
RSW-MDW,RSW,MDW
RSW-STL,RSW,STL
GEG-BOI,GEG,BOI
GEG-LAS,GEG,LAS
GEG-OAK,GEG,OAK
GEG-SJC,GEG,SJC
GEG-SMF,GEG,SMF
GRR-BWI,GRR,BWI
GRR-MDW,GRR,MDW
HRL-AUS,HRL,AUS
HRL-HOU,HRL,HOU
LAS-ABQ,LAS,ABQ
LAS-AMA,LAS,AMA
LAS-AUS,LAS,AUS
LAS-BHM,LAS,BHM
LAS-BNA,LAS,BNA
LAS-BOI,LAS,BOI
LAS-BUF,LAS,BUF
LAS-BUR,LAS,BUR
LAS-DAL,LAS,DAL
LAS-DSM,LAS,DSM
LAS-ELP,LAS,ELP
LAS-GEG,LAS,GEG
LAS-HOU,LAS,HOU
LAS-ICT,LAS,ICT
LAS-LBB,LAS,LBB
LAS-LIT,LAS,LIT
LAS-MAF,LAS,MAF
LAS-MDW,LAS,MDW
LAS-MKE,LAS,MKE
LAS-OKC,LAS,OKC
LAS-OMA,LAS,OMA
LAS-ONT,LAS,ONT
LAS-SDF,LAS,SDF
LAS-SMF,LAS,SMF
LAS-TUL,LAS,TUL
LAS-TUS,LAS,TUS
IND-BOS,IND,BOS
IND-BWI,IND,BWI
IND-DAL,IND,DAL
IND-HOU,IND,HOU
IND-MCI,IND,MCI
IND-MDW,IND,MDW
IND-OAK,IND,OAK
IND-TPA,IND,TPA
OAK-ABQ,OAK,ABQ
OAK-ATL,OAK,ATL
OAK-AUS,OAK,AUS
OAK-BNA,OAK,BNA
OAK-BOI,OAK,BOI
OAK-BUR,OAK,BUR
OAK-BWI,OAK,BWI
OAK-CMH,OAK,CMH
OAK-DAL,OAK,DAL
OAK-DEN,OAK,DEN
OAK-EWR,OAK,EWR
OAK-GEG,OAK,GEG
OAK-HOU,OAK,HOU
OAK-IND,OAK,IND
OAK-MCI,OAK,MCI
OAK-MCO,OAK,MCO
OAK-MDW,OAK,MDW
OAK-MSP,OAK,MSP
OAK-MSY,OAK,MSY
OAK-ONT,OAK,ONT
OAK-PDX,OAK,PDX
OAK-RNO,OAK,RNO
OAK-SAN,OAK,SAN
OAK-SAT,OAK,SAT
OAK-SNA,OAK,SNA
OAK-STL,OAK,STL
SFO-MDW,SFO,MDW
SJC-BWI,SJC,BWI
SJC-GEG,SJC,GEG
SJC-HOU,SJC,HOU
SJC-MCO,SJC,MCO
SJC-MDW,SJC,MDW
SJC-ONT,SJC,ONT
SJC-SLC,SJC,SLC
SJC-STL,SJC,STL
FLL-DAL,FLL,DAL
FLL-HOU,FLL,HOU
FLL-ISP,FLL,ISP
FLL-MCI,FLL,MCI
FLL-MDW,FLL,MDW
FLL-MKE,FLL,MKE
FLL-PHX,FLL,PHX
FLL-SAT,FLL,SAT
FLL-STL,FLL,STL
BUR-DAL,BUR,DAL
BUR-HOU,BUR,HOU
BUR-LAS,BUR,LAS
BUR-MDW,BUR,MDW
BUR-OAK,BUR,OAK
BUR-PDX,BUR,PDX
BUR-PHX,BUR,PHX
BUR-SMF,BUR,SMF
LAX-HOU,LAX,HOU
LAX-MDW,LAX,MDW
LAX-MKE,LAX,MKE
LAX-OMA,LAX,OMA
ONT-DAL,ONT,DAL
ONT-LAS,ONT,LAS
ONT-MDW,ONT,MDW
ONT-OAK,ONT,OAK
ONT-PDX,ONT,PDX
ONT-SJC,ONT,SJC
ONT-SMF,ONT,SMF
SNA-DAL,SNA,DAL
SNA-HOU,SNA,HOU
SNA-OAK,SNA,OAK
SNA-SMF,SNA,SMF
LIT-DAL,LIT,DAL
LIT-LAS,LIT,LAS
LIT-PHX,LIT,PHX
LIT-STL,LIT,STL
LBB-AUS,LBB,AUS
LBB-DAL,LBB,DAL
LBB-DEN,LBB,DEN
LBB-LAS,LBB,LAS
SDF-BWI,SDF,BWI
SDF-DEN,SDF,DEN
SDF-HOU,SDF,HOU
SDF-LAS,SDF,LAS
SDF-MDW,SDF,MDW
SDF-PHX,SDF,PHX
SDF-TPA,SDF,TPA
CVG-BWI,CVG,BWI
CVG-MDW,CVG,MDW
MAF-DAL,MAF,DAL
MAF-HOU,MAF,HOU
MAF-LAS,MAF,LAS
SMF-AUS,SMF,AUS
SMF-BOI,SMF,BOI
SMF-BUR,SMF,BUR
SMF-BWI,SMF,BWI
SMF-DAL,SMF,DAL
SMF-GEG,SMF,GEG
SMF-LAS,SMF,LAS
SMF-MCO,SMF,MCO
SMF-MDW,SMF,MDW
SMF-MSY,SMF,MSY
SMF-ONT,SMF,ONT
SMF-SNA,SMF,SNA
SMF-STL,SMF,STL
TPA-ALB,TPA,ALB
TPA-AUS,TPA,AUS
TPA-BHM,TPA,BHM
TPA-BNA,TPA,BNA
TPA-BUF,TPA,BUF
TPA-DAL,TPA,DAL
TPA-HOU,TPA,HOU
TPA-IND,TPA,IND
TPA-ISP,TPA,ISP
TPA-MCI,TPA,MCI
TPA-MDW,TPA,MDW
TPA-MEM,TPA,MEM
TPA-MHT,TPA,MHT
TPA-MKE,TPA,MKE
TPA-PVD,TPA,PVD
TPA-ROC,TPA,ROC
TPA-SAN,TPA,SAN
TPA-SAT,TPA,SAT
TPA-SDF,TPA,SDF
TPA-STL,TPA,STL
MCI-ABQ,MCI,ABQ
MCI-AUS,MCI,AUS
MCI-BNA,MCI,BNA
MCI-BOS,MCI,BOS
MCI-BWI,MCI,BWI
MCI-DAL,MCI,DAL
MCI-DCA,MCI,DCA
MCI-FLL,MCI,FLL
MCI-HOU,MCI,HOU
MCI-IND,MCI,IND
MCI-LGA,MCI,LGA
MCI-MDW,MCI,MDW
MCI-MKE,MCI,MKE
MCI-MSY,MCI,MSY
MCI-OAK,MCI,OAK
MCI-RDU,MCI,RDU
MCI-SAT,MCI,SAT
MCI-STL,MCI,STL
MCI-TPA,MCI,TPA
SAT-BNA,SAT,BNA
SAT-BWI,SAT,BWI
SAT-DAL,SAT,DAL
SAT-ELP,SAT,ELP
SAT-FLL,SAT,FLL
SAT-HOU,SAT,HOU
SAT-MCI,SAT,MCI
SAT-MCO,SAT,MCO
SAT-MDW,SAT,MDW
SAT-MSY,SAT,MSY
SAT-OAK,SAT,OAK
SAT-SAN,SAT,SAN
SAT-STL,SAT,STL
SAT-TPA,SAT,TPA
MEM-BWI,MEM,BWI
MEM-DAL,MEM,DAL
MEM-DEN,MEM,DEN
MEM-HOU,MEM,HOU
MEM-MCO,MEM,MCO
MEM-MDW,MEM,MDW
MEM-TPA,MEM,TPA
OMA-DAL,OMA,DAL
OMA-DCA,OMA,DCA
OMA-HOU,OMA,HOU
OMA-LAS,OMA,LAS
OMA-LAX,OMA,LAX
OMA-MDW,OMA,MDW
OMA-STL,OMA,STL
MKE-BNA,MKE,BNA
MKE-BOS,MKE,BOS
MKE-BWI,MKE,BWI
MKE-CLE,MKE,CLE
MKE-DCA,MKE,DCA
MKE-FLL,MKE,FLL
MKE-HOU,MKE,HOU
MKE-LAS,MKE,LAS
MKE-LAX,MKE,LAX
MKE-MCI,MKE,MCI
MKE-STL,MKE,STL
MKE-TPA,MKE,TPA
MSY-AUS,MSY,AUS
MSY-BNA,MSY,BNA
MSY-DAL,MSY,DAL
MSY-DCA,MSY,DCA
MSY-HOU,MSY,HOU
MSY-MCI,MSY,MCI
MSY-MDW,MSY,MDW
MSY-OAK,MSY,OAK
MSY-PHX,MSY,PHX
MSY-SAN,MSY,SAN
MSY-SAT,MSY,SAT
MSY-SMF,MSY,SMF
MSY-STL,MSY,STL
SAN-ABQ,SAN,ABQ
SAN-BNA,SAN,BNA
SAN-HOU,SAN,HOU
SAN-MDW,SAN,MDW
SAN-MSY,SAN,MSY
SAN-OAK,SAN,OAK
SAN-RNO,SAN,RNO
SAN-SAT,SAN,SAT
SAN-TPA,SAN,TPA
SAN-TUS,SAN,TUS
ORF-BWI,ORF,BWI
ORF-MCO,ORF,MCO
ORF-MDW,ORF,MDW
PNS-BNA,PNS,BNA
PNS-HOU,PNS,HOU
OKC-BWI,OKC,BWI
OKC-DAL,OKC,DAL
OKC-DCA,OKC,DCA
OKC-HOU,OKC,HOU
OKC-LAS,OKC,LAS
OKC-MDW,OKC,MDW
OKC-PHX,OKC,PHX
OKC-STL,OKC,STL
PBI-BWI,PBI,BWI
PDX-BUR,PDX,BUR
PDX-MDW,PDX,MDW
PDX-OAK,PDX,OAK
PDX-ONT,PDX,ONT
PDX-SMF,PDX,SMF
PDX-STL,PDX,STL
PHL-DAL,PHL,DAL
PHL-MDW,PHL,MDW
PWM-BWI,PWM,BWI
RDU-BNA,RDU,BNA
RDU-BWI,RDU,BWI
RDU-DAL,RDU,DAL
RDU-HOU,RDU,HOU
RDU-MCI,RDU,MCI
RDU-MDW,RDU,MDW
RDU-STL,RDU,STL
RNO-OAK,RNO,OAK
RNO-SAN,RNO,SAN
ROC-BWI,ROC,BWI
ROC-MCO,ROC,MCO
ROC-TPA,ROC,TPA
SLC-DAL,SLC,DAL
SLC-HOU,SLC,HOU
SLC-MDW,SLC,MDW
TUL-DAL,TUL,DAL
TUL-HOU,TUL,HOU
TUL-LAS,TUL,LAS
TUL-PHX,TUL,PHX
TUL-STL,TUL,STL
SJU-BWI,SJU,BWI
SJU-MDW,SJU,MDW
DFW-BHM,DFW,BHM
DFW-BIS,DFW,BIS
DFW-BMI,DFW,BMI
DFW-COU,DFW,COU
DFW-DRO,DFW,DRO
DFW-EVV,DFW,EVV
DFW-FSD,DFW,FSD
DFW-GPT,DFW,GPT
DFW-HSV,DFW,HSV
DFW-ILM,DFW,ILM
DFW-JAN,DFW,JAN
DFW-MLI,DFW,MLI
DFW-MOB,DFW,MOB
DFW-PIA,DFW,PIA
DFW-RAP,DFW,RAP
DFW-SBA,DFW,SBA
DFW-SDF,DFW,SDF
PIT-IAH,PIT,IAH
HSV-DFW,HSV,DFW
AMA-PHX,AMA,PHX
DRO-DFW,DRO,DFW
DRO-PHX,DRO,PHX
PHX-AMA,PHX,AMA
PHX-DRO,PHX,DRO
PHX-FSD,PHX,FSD
PHX-LBB,PHX,LBB
PHX-LGB,PHX,LGB
PHX-MAF,PHX,MAF
PHX-MEM,PHX,MEM
PHX-MRY,PHX,MRY
PHX-MTJ,PHX,MTJ
PHX-SBA,PHX,SBA
PHX-SBP,PHX,SBP
PHX-STS,PHX,STS
BDL-IAH,BDL,IAH
MOB-DFW,MOB,DFW
BIS-DFW,BIS,DFW
BMI-DFW,BMI,DFW
BNA-IAD,BNA,IAD
BOI-IAH,BOI,IAH
BTV-IAD,BTV,IAD
BUF-IAD,BUF,IAD
BZN-IAH,BZN,IAH
IAD-BNA,IAD,BNA
IAD-BTV,IAD,BTV
IAD-BUF,IAD,BUF
IAD-CLE,IAD,CLE
IAD-CMH,IAD,CMH
IAD-DTW,IAD,DTW
IAD-GSP,IAD,GSP
IAD-IND,IAD,IND
IAD-JAX,IAD,JAX
IAD-LGA,IAD,LGA
IAD-MCI,IAD,MCI
IAD-OKC,IAD,OKC
IAD-PHL,IAD,PHL
IAD-PWM,IAD,PWM
IAD-STL,IAD,STL
CHS-IAH,CHS,IAH
CMH-IAD,CMH,IAD
CMH-IAH,CMH,IAH
STL-IAD,STL,IAD
JAX-IAD,JAX,IAD
DTW-IAD,DTW,IAD
DSM-IAH,DSM,IAH
IAH-BDL,IAH,BDL
IAH-BOI,IAH,BOI
IAH-BZN,IAH,BZN
IAH-CHS,IAH,CHS
IAH-CMH,IAH,CMH
IAH-CVG,IAH,CVG
IAH-DSM,IAH,DSM
IAH-MKE,IAH,MKE
IAH-MTJ,IAH,MTJ
IAH-PIT,IAH,PIT
IAH-PSP,IAH,PSP
IAH-RIC,IAH,RIC
IAH-RNO,IAH,RNO
IAH-SDF,IAH,SDF
EVV-DFW,EVV,DFW
LGA-IAD,LGA,IAD
FSD-DFW,FSD,DFW
FSD-PHX,FSD,PHX
GSP-IAD,GSP,IAD
GPT-DFW,GPT,DFW
MDT-IAD,MDT,IAD
ILM-DFW,ILM,DFW
JAN-DFW,JAN,DFW
COU-DFW,COU,DFW
LGB-PHX,LGB,PHX
SDF-DFW,SDF,DFW
SDF-IAD,SDF,IAD
SDF-IAH,SDF,IAH
CVG-IAD,CVG,IAD
CVG-IAH,CVG,IAH
MAF-PHX,MAF,PHX
MCI-IAD,MCI,IAD
MEM-PHX,MEM,PHX
MKE-IAH,MKE,IAH
MLI-DFW,MLI,DFW
MTJ-IAH,MTJ,IAH
MTJ-PHX,MTJ,PHX
OKC-IAD,OKC,IAD
PHL-IAD,PHL,IAD
PIA-DFW,PIA,DFW
SBP-PHX,SBP,PHX
PSP-IAH,PSP,IAH
PWM-IAD,PWM,IAD
STS-PHX,STS,PHX
RAP-DFW,RAP,DFW
RIC-IAD,RIC,IAD
RIC-IAH,RIC,IAH
RNO-IAH,RNO,IAH
SBA-DFW,SBA,DFW
SBA-PHX,SBA,PHX
MRY-PHX,MRY,PHX
HSV-DCA,HSV,DCA
DRO-DEN,DRO,DEN
DEN-DRO,DEN,DRO
DEN-GJT,DEN,GJT
PVD-PHL,PVD,PHL
BUF-DCA,BUF,DCA
DCA-BUF,DCA,BUF
DCA-EYW,DCA,EYW
DCA-HSV,DCA,HSV
DCA-LGA,DCA,LGA
DCA-MEM,DCA,MEM
DCA-MYR,DCA,MYR
DCA-PIT,DCA,PIT
DCA-TLH,DCA,TLH
ORD-EYW,ORD,EYW
CHS-DTW,CHS,DTW
CHS-MIA,CHS,MIA
CLT-EYW,CLT,EYW
CLT-HHH,CLT,HHH
CLT-ROC,CLT,ROC
CMH-PHL,CMH,PHL
MYR-DCA,MYR,DCA
DTW-CHS,DTW,CHS
DSM-PHL,DSM,PHL
HOU-MIA,HOU,MIA
VPS-DCA,VPS,DCA
EYW-CLT,EYW,CLT
EYW-DCA,EYW,DCA
EYW-EWR,EYW,EWR
EYW-MIA,EYW,MIA
EYW-ORD,EYW,ORD
EWR-CHS,EWR,CHS
EWR-EYW,EWR,EYW
EWR-OKC,EWR,OKC
EWR-OMA,EWR,OMA
EWR-ORF,EWR,ORF
EWR-SDF,EWR,SDF
LGA-DCA,LGA,DCA
LGA-IND,LGA,IND
LGA-XNA,LGA,XNA
RSW-MIA,RSW,MIA
XNA-LGA,XNA,LGA
GJT-DEN,GJT,DEN
GRR-MIA,GRR,MIA
HHH-CLT,HHH,CLT
IND-PHL,IND,PHL
MIA-CHS,MIA,CHS
MIA-EYW,MIA,EYW
MIA-GRR,MIA,GRR
MIA-HOU,MIA,HOU
MIA-MCI,MIA,MCI
MIA-OMA,MIA,OMA
MIA-RIC,MIA,RIC
MIA-RSW,MIA,RSW
MIA-SDF,MIA,SDF
SDF-EWR,SDF,EWR
SDF-MIA,SDF,MIA
SDF-PHL,SDF,PHL
MCI-MIA,MCI,MIA
MEM-DCA,MEM,DCA
MEM-PHL,MEM,PHL
OMA-EWR,OMA,EWR
OMA-MIA,OMA,MIA
OMA-PHL,OMA,PHL
PNS-PHL,PNS,PHL
OKC-EWR,OKC,EWR
OKC-PHL,OKC,PHL
PHL-CMH,PHL,CMH
PHL-DSM,PHL,DSM
PHL-IND,PHL,IND
PHL-MEM,PHL,MEM
PHL-OKC,PHL,OKC
PHL-OMA,PHL,OMA
PHL-PNS,PHL,PNS
PHL-PVD,PHL,PVD
PHL-ROC,PHL,ROC
PHL-SDF,PHL,SDF
RIC-MIA,RIC,MIA
RIC-MSP,RIC,MSP
ROC-CLT,ROC,CLT
TLH-DCA,TLH,DCA
CAE-LGA,CAE,LGA
DAY-DTW,DAY,DTW
DTW-OMA,DTW,OMA
MSP-TYS,MSP,TYS
LGA-CAE,LGA,CAE
LGA-OMA,LGA,OMA
OMA-LGA,OMA,LGA
ROC-MSP,ROC,MSP
TYS-LGA,TYS,LGA
TYS-MSP,TYS,MSP
TUS-CLT,TUS,CLT
DCA-LAS,DCA,LAS
ADK-ANC,ADK,ANC
ANC-ADK,ANC,ADK
ANC-CDV,ANC,CDV
ANC-KOA,ANC,KOA
SEA-CHS,SEA,CHS
BLI-OGG,BLI,OGG
CDV-ANC,CDV,ANC
CDV-YAK,CDV,YAK
CHS-SEA,CHS,SEA
JNU-YAK,JNU,YAK
KOA-ANC,KOA,ANC
KOA-SMF,KOA,SMF
OGG-BLI,OGG,BLI
OTZ-OME,OTZ,OME
YAK-CDV,YAK,CDV
YAK-JNU,YAK,JNU
BOS-HDN,BOS,HDN
LGB-HDN,LGB,HDN
HDN-BOS,HDN,BOS
HDN-LGB,HDN,LGB
ALB-MSP,ALB,MSP
ANC-MSP,ANC,MSP
ATL-GRB,ATL,GRB
ATL-PSP,ATL,PSP
ATL-STX,ATL,STX
PHX-CVG,PHX,CVG
SEA-CVG,SEA,CVG
CLE-SLC,CLE,SLC
BUF-MSP,BUF,MSP
DTW-SJC,DTW,SJC
DTW-SNA,DTW,SNA
MSP-ANC,MSP,ANC
MSP-PBI,MSP,PBI
GRB-ATL,GRB,ATL
SJC-DTW,SJC,DTW
SNA-DTW,SNA,DTW
CVG-PHX,CVG,PHX
CVG-SEA,CVG,SEA
MEM-LAX,MEM,LAX
PBI-MSP,PBI,MSP
PSP-ATL,PSP,ATL
STX-ATL,STX,ATL
IAD-CHA,IAD,CHA
GSO-EWR,GSO,EWR
ABQ-MCO,ABQ,MCO
PIT-PBI,PIT,PBI
ALB-RSW,ALB,RSW
DEN-CHS,DEN,CHS
DEN-LFT,DEN,LFT
DEN-LIT,DEN,LIT
AUS-ONT,AUS,ONT
AUS-RDU,AUS,RDU
AUS-SNA,AUS,SNA
PHX-MSN,PHX,MSN
PHX-ORF,PHX,ORF
CLE-SAN,CLE,SAN
BNA-RSW,BNA,RSW
BNA-TTN,BNA,TTN
ORD-HRL,ORD,HRL
CHS-DEN,CHS,DEN
CHS-PHL,CHS,PHL
DSM-MCO,DSM,MCO
MCO-COS,MCO,COS
MCO-DSM,MCO,DSM
MCO-GRR,MCO,GRR
MCO-GSP,MCO,GSP
MCO-PWM,MCO,PWM
RSW-ALB,RSW,ALB
RSW-BNA,RSW,BNA
RSW-GRR,RSW,GRR
RSW-LAS,RSW,LAS
RSW-OMA,RSW,OMA
RSW-RDU,RSW,RDU
GSP-LAS,GSP,LAS
GSP-MCO,GSP,MCO
GRR-MCO,GRR,MCO
GRR-RSW,GRR,RSW
HRL-ORD,HRL,ORD
LAS-GSP,LAS,GSP
LAS-JAX,LAS,JAX
LAS-MEM,LAS,MEM
LAS-RSW,LAS,RSW
FLL-TTN,FLL,TTN
ONT-AUS,ONT,AUS
ONT-MCO,ONT,MCO
SNA-AUS,SNA,AUS
LFT-DEN,LFT,DEN
TPA-ORF,TPA,ORF
MEM-LAS,MEM,LAS
OMA-RSW,OMA,RSW
MSN-PHX,MSN,PHX
SAN-CLE,SAN,CLE
SAN-RDU,SAN,RDU
ORF-PHX,ORF,PHX
ORF-TPA,ORF,TPA
PBI-PIT,PBI,PIT
PHL-CHS,PHL,CHS
PWM-MCO,PWM,MCO
RDU-AUS,RDU,AUS
RDU-RSW,RDU,RSW
RDU-SAN,RDU,SAN
TTN-BNA,TTN,BNA
TTN-FLL,TTN,FLL
ABE-PGD,ABE,PGD
PIT-JAX,PIT,JAX
PIT-PIE,PIT,PIE
ALB-PIE,ALB,PIE
ATW-AZA,ATW,AZA
ATW-PIE,ATW,PIE
AUS-SFB,AUS,SFB
AVL-PGD,AVL,PGD
AZA-ATW,AZA,ATW
AZA-BIS,AZA,BIS
AZA-CVG,AZA,CVG
AZA-FWA,AZA,FWA
AZA-GRI,AZA,GRI
AZA-ICT,AZA,ICT
AZA-LAS,AZA,LAS
AZA-MLI,AZA,MLI
AZA-MOT,AZA,MOT
AZA-OAK,AZA,OAK
AZA-OMA,AZA,OMA
AZA-RAP,AZA,RAP
AZA-RFD,AZA,RFD
AZA-STC,AZA,STC
SHV-LAS,SHV,LAS
BIL-LAS,BIL,LAS
BIS-AZA,BIS,AZA
BIS-LAS,BIS,LAS
BLV-PIE,BLV,PIE
BLV-SFB,BLV,SFB
BWI-VPS,BWI,VPS
ICT-AZA,ICT,AZA
CID-LAS,CID,LAS
CID-PGD,CID,PGD
CID-SFB,CID,SFB
CKB-SFB,CKB,SFB
LCK-FLL,LCK,FLL
LCK-SFB,LCK,SFB
JAX-CVG,JAX,CVG
JAX-PIT,JAX,PIT
DSM-PIE,DSM,PIE
VPS-BWI,VPS,BWI
VPS-CVG,VPS,CVG
VPS-EWR,VPS,EWR
ELM-PIE,ELM,PIE
ELM-SFB,ELM,SFB
EUG-LAS,EUG,LAS
EWR-VPS,EWR,VPS
SWF-SFB,SWF,SFB
FNT-PGD,FNT,PGD
FSD-PIE,FSD,PIE
FSD-SFB,FSD,SFB
FWA-AZA,FWA,AZA
FWA-PIE,FWA,PIE
GSP-PIE,GSP,PIE
GTF-LAS,GTF,LAS
GJT-LAS,GJT,LAS
GRI-AZA,GRI,AZA
GRR-FLL,GRR,FLL
GRR-LAS,GRR,LAS
GSO-PIE,GSO,PIE
HGR-SFB,HGR,SFB
LAS-AZA,LAS,AZA
LAS-BIL,LAS,BIL
LAS-BIS,LAS,BIS
LAS-CID,LAS,CID
LAS-EUG,LAS,EUG
LAS-GJT,LAS,GJT
LAS-GRR,LAS,GRR
LAS-GTF,LAS,GTF
LAS-IDA,LAS,IDA
LAS-MFE,LAS,MFE
LAS-MRY,LAS,MRY
LAS-MSO,LAS,MSO
LAS-PIA,LAS,PIA
LAS-PSC,LAS,PSC
LAS-SBN,LAS,SBN
LAS-SGF,LAS,SGF
LAS-SHV,LAS,SHV
LAS-SMX,LAS,SMX
LAS-TYS,LAS,TYS
HTS-PIE,HTS,PIE
IAG-SFB,IAG,SFB
IDA-LAS,IDA,LAS
OAK-AZA,OAK,AZA
FLL-GRR,FLL,GRR
FLL-LCK,FLL,LCK
FLL-SDF,FLL,SDF
USA-PGD,USA,PGD
USA-SFB,USA,SFB
STC-AZA,STC,AZA
STC-PGD,STC,PGD
LAX-MTJ,LAX,MTJ
LAX-PVU,LAX,PVU
LAX-TUL,LAX,TUL
LIT-SFB,LIT,SFB
SDF-FLL,SDF,FLL
SDF-PIE,SDF,PIE
CVG-AZA,CVG,AZA
CVG-JAX,CVG,JAX
CVG-VPS,CVG,VPS
PIE-ALB,PIE,ALB
PIE-ATW,PIE,ATW
PIE-BLV,PIE,BLV
PIE-DSM,PIE,DSM
PIE-ELM,PIE,ELM
PIE-FSD,PIE,FSD
PIE-FWA,PIE,FWA
PIE-GSO,PIE,GSO
PIE-GSP,PIE,GSP
PIE-HTS,PIE,HTS
PIE-MLI,PIE,MLI
PIE-OMA,PIE,OMA
PIE-PIT,PIE,PIT
PIE-RFD,PIE,RFD
PIE-RIC,PIE,RIC
PIE-SBN,PIE,SBN
PIE-SDF,PIE,SDF
PIE-SYR,PIE,SYR
SAT-SFB,SAT,SFB
MFE-LAS,MFE,LAS
MOT-AZA,MOT,AZA
OMA-AZA,OMA,AZA
OMA-PGD,OMA,PGD
OMA-PIE,OMA,PIE
MLI-AZA,MLI,AZA
MLI-PIE,MLI,PIE
MSO-LAS,MSO,LAS
MTJ-LAX,MTJ,LAX
ORF-SFB,ORF,SFB
OWB-SFB,OWB,SFB
PGD-ABE,PGD,ABE
PGD-AVL,PGD,AVL
PGD-CID,PGD,CID
PGD-FNT,PGD,FNT
PGD-OMA,PGD,OMA
PGD-PSM,PGD,PSM
PGD-ROC,PGD,ROC
PGD-SPI,PGD,SPI
PGD-STC,PGD,STC
PGD-TOL,PGD,TOL
PGD-USA,PGD,USA
PIA-LAS,PIA,LAS
PIA-SFB,PIA,SFB
PSC-LAS,PSC,LAS
PSM-PGD,PSM,PGD
PVU-LAX,PVU,LAX
RAP-AZA,RAP,AZA
RDU-SFB,RDU,SFB
RFD-AZA,RFD,AZA
RFD-PIE,RFD,PIE
RIC-PIE,RIC,PIE
ROA-SFB,ROA,SFB
ROC-PGD,ROC,PGD
TUL-LAX,TUL,LAX
SBN-PIE,SBN,PIE
SBN-SFB,SBN,SFB
SFB-AUS,SFB,AUS
SFB-BLV,SFB,BLV
SFB-CID,SFB,CID
SFB-CKB,SFB,CKB
SFB-ELM,SFB,ELM
SFB-FSD,SFB,FSD
SFB-HGR,SFB,HGR
SFB-IAG,SFB,IAG
SFB-LCK,SFB,LCK
SFB-LIT,SFB,LIT
SFB-ORF,SFB,ORF
SFB-OWB,SFB,OWB
SFB-PIA,SFB,PIA
SFB-RDU,SFB,RDU
SFB-ROA,SFB,ROA
SFB-SAT,SFB,SAT
SFB-SBN,SFB,SBN
SFB-SGF,SFB,SGF
SFB-SJU,SFB,SJU
SFB-SWF,SFB,SWF
SFB-TOL,SFB,TOL
SFB-USA,SFB,USA
SGF-LAS,SGF,LAS
SGF-SFB,SGF,SFB
SJU-SFB,SJU,SFB
SMX-LAS,SMX,LAS
MRY-LAS,MRY,LAS
SPI-PGD,SPI,PGD
SYR-PIE,SYR,PIE
TOL-PGD,TOL,PGD
TOL-SFB,TOL,SFB
TYS-LAS,TYS,LAS
DFW-CMI,DFW,CMI
BHM-MIA,BHM,MIA
CMI-DFW,CMI,DFW
MIA-BHM,MIA,BHM
AVL-MCO,AVL,MCO
CAK-RSW,CAK,RSW
BWI-MYR,BWI,MYR
MYR-BWI,MYR,BWI
MYR-EWR,MYR,EWR
MYR-MCO,MYR,MCO
MCO-AVL,MCO,AVL
MCO-GSO,MCO,GSO
MCO-MYR,MCO,MYR
EWR-MYR,EWR,MYR
RSW-CAK,RSW,CAK
RSW-LBE,RSW,LBE
GSO-MCO,GSO,MCO
LBE-RSW,LBE,RSW
CAK-LGA,CAK,LGA
DCA-CHA,DCA,CHA
DCA-ILM,DCA,ILM
DCA-MGM,DCA,MGM
LGA-CAK,LGA,CAK
ILM-DCA,ILM,DCA
MGM-DCA,MGM,DCA
DEN-MLI,DEN,MLI
DEN-MSN,DEN,MSN
DEN-RAP,DEN,RAP
APN-PLN,APN,PLN
AZO-DTW,AZO,DTW
ELP-SLC,ELP,SLC
MHT-DTW,MHT,DTW
DTW-AZO,DTW,AZO
DTW-MHT,DTW,MHT
DSM-LGA,DSM,LGA
DVL-DEN,DVL,DEN
FAR-ATL,FAR,ATL
MSP-SBN,MSP,SBN
LGA-DSM,LGA,DSM
LBL-PUB,LBL,PUB
MKE-SLC,MKE,SLC
MLI-DEN,MLI,DEN
SAN-HDN,SAN,HDN
RAP-ORD,RAP,ORD
SBN-MSP,SBN,MSP
HDN-SAN,HDN,SAN
ABQ-AUS,ABQ,AUS
ABQ-SJC,ABQ,SJC
DAL-CHS,DAL,CHS
DAL-HRL,DAL,HRL
DEN-LGB,DEN,LGB
AUS-ABQ,AUS,ABQ
TUS-OAK,TUS,OAK
BNA-OKC,BNA,OKC
CHS-DAL,CHS,DAL
HOU-LBB,HOU,LBB
HRL-DAL,HRL,DAL
OAK-TUS,OAK,TUS
SJC-ABQ,SJC,ABQ
LGB-DEN,LGB,DEN
LBB-HOU,LBB,HOU
OKC-BNA,OKC,BNA
IAD-CVG,IAD,CVG
LBB-PHX,LBB,PHX
DCA-SRQ,DCA,SRQ
DCA-VPS,DCA,VPS
DTW-ORF,DTW,ORF
LGA-GRR,LGA,GRR
GRR-LGA,GRR,LGA
ORF-BOS,ORF,BOS
ORF-DTW,ORF,DTW
ROC-PHL,ROC,PHL
SRQ-DCA,SRQ,DCA
BZN-LGB,BZN,LGB
LGB-BZN,LGB,BZN
DEN-HRL,DEN,HRL
DEN-TYS,DEN,TYS
STL-PBI,STL,PBI
JAX-LAS,JAX,LAS
MCO-JAN,MCO,JAN
HRL-DEN,HRL,DEN
LAS-MSN,LAS,MSN
JAN-MCO,JAN,MCO
MSN-LAS,MSN,LAS
PBI-STL,PBI,STL
TYS-DEN,TYS,DEN
PIT-SFB,PIT,SFB
PIT-SRQ,PIT,SRQ
ALB-SFB,ALB,SFB
AUS-CVG,AUS,CVG
AUS-IND,AUS,IND
AVL-BWI,AVL,BWI
AVL-EWR,AVL,EWR
TUS-BLI,TUS,BLI
AZA-PIA,AZA,PIA
CLE-PGD,CLE,PGD
CLE-SAV,CLE,SAV
BLI-TUS,BLI,TUS
BLV-LAS,BLV,LAS
BNA-PIE,BNA,PIE
BNA-RIC,BNA,RIC
BZN-LAS,BZN,LAS
BWI-AVL,BWI,AVL
BWI-SAV,BWI,SAV
CHA-SFB,CHA,SFB
CHS-CVG,CHS,CVG
CID-PIE,CID,PIE
DAY-PGD,DAY,PGD
VPS-OKC,VPS,OKC
EVV-SFB,EVV,SFB
FAR-LAS,FAR,LAS
FAR-SFB,FAR,SFB
FCA-LAS,FCA,LAS
EWR-AVL,EWR,AVL
SWF-PIE,SWF,PIE
FSD-LAS,FSD,LAS
XNA-LAS,XNA,LAS
GSP-SFB,GSP,SFB
GFK-LAS,GFK,LAS
GRI-LAS,GRI,LAS
GSO-SFB,GSO,SFB
LAS-ATW,LAS,ATW
LAS-BLV,LAS,BLV
LAS-BZN,LAS,BZN
LAS-FAR,LAS,FAR
LAS-FCA,LAS,FCA
LAS-FSD,LAS,FSD
LAS-GFK,LAS,GFK
LAS-GRI,LAS,GRI
LAS-LRD,LAS,LRD
LAS-MFR,LAS,MFR
LAS-MLI,LAS,MLI
LAS-MOT,LAS,MOT
LAS-RAP,LAS,RAP
LAS-RFD,LAS,RFD
LAS-XNA,LAS,XNA
IND-AUS,IND,AUS
LAX-OKC,LAX,OKC
LRD-LAS,LRD,LAS
CVG-AUS,CVG,AUS
CVG-CHS,CVG,CHS
PIE-BNA,PIE,BNA
PIE-CID,PIE,CID
PIE-MCI,PIE,MCI
PIE-MEM,PIE,MEM
PIE-OGS,PIE,OGS
PIE-ORF,PIE,ORF
PIE-PIA,PIE,PIA
PIE-RDU,PIE,RDU
PIE-ROA,PIE,ROA
PIE-SWF,PIE,SWF
MCI-PIE,MCI,PIE
MEM-PIE,MEM,PIE
MFE-SFB,MFE,SFB
MFR-LAS,MFR,LAS
MOT-LAS,MOT,LAS
OMA-SFB,OMA,SFB
MLI-LAS,MLI,LAS
MSY-RDU,MSY,RDU
ORF-PIE,ORF,PIE
OGS-PIE,OGS,PIE
OGS-SFB,OGS,SFB
OKC-LAX,OKC,LAX
OKC-VPS,OKC,VPS
PGD-CLE,PGD,CLE
PGD-DAY,PGD,DAY
PGD-SYR,PGD,SYR
PIA-AZA,PIA,AZA
PIA-PIE,PIA,PIE
PSM-SFB,PSM,SFB
RAP-LAS,RAP,LAS
RDU-MSY,RDU,MSY
RDU-PIE,RDU,PIE
RFD-LAS,RFD,LAS
RFD-SFB,RFD,SFB
RIC-BNA,RIC,BNA
RIC-SFB,RIC,SFB
ROA-PIE,ROA,PIE
ROC-SFB,ROC,SFB
SAV-BWI,SAV,BWI
SAV-CLE,SAV,CLE
SBN-LAS,SBN,LAS
SFB-ALB,SFB,ALB
SFB-CHA,SFB,CHA
SFB-EVV,SFB,EVV
SFB-FAR,SFB,FAR
SFB-GSO,SFB,GSO
SFB-GSP,SFB,GSP
SFB-MFE,SFB,MFE
SFB-OGS,SFB,OGS
SFB-OMA,SFB,OMA
SFB-PIT,SFB,PIT
SFB-PSM,SFB,PSM
SFB-RFD,SFB,RFD
SFB-RIC,SFB,RIC
SFB-ROC,SFB,ROC
SFB-SYR,SFB,SYR
SFB-TRI,SFB,TRI
SRQ-PIT,SRQ,PIT
SYR-PGD,SYR,PGD
SYR-SFB,SYR,SFB
TRI-SFB,TRI,SFB
HNL-PPG,HNL,PPG
PPG-HNL,PPG,HNL
IAD-LWB,IAD,LWB
DTW-PWM,DTW,PWM
LWB-IAD,LWB,IAD
PWM-DTW,PWM,DTW
EWR-BUF,EWR,BUF
EWR-MEM,EWR,MEM
GSP-DTW,GSP,DTW
DTW-GSP,DTW,GSP
MEM-EWR,MEM,EWR
PIT-SAN,PIT,SAN
DEN-BHM,DEN,BHM
DEN-BUF,DEN,BUF
DEN-GSP,DEN,GSP
DEN-JAN,DEN,JAN
DEN-PNS,DEN,PNS
DEN-SAV,DEN,SAV
AUS-CMH,AUS,CMH
BHM-DEN,BHM,DEN
CLE-SRQ,CLE,SRQ
PVD-RSW,PVD,RSW
BUF-DEN,BUF,DEN
CMH-AUS,CMH,AUS
CMH-PBI,CMH,PBI
STL-JAX,STL,JAX
JAX-STL,JAX,STL
MCO-LFT,MCO,LFT
MCO-LIT,MCO,LIT
MCO-TYS,MCO,TYS
RSW-PVD,RSW,PVD
RSW-PWM,RSW,PWM
RSW-SLC,RSW,SLC
GSP-DEN,GSP,DEN
GSP-TPA,GSP,TPA
LAS-ORF,LAS,ORF
IND-SAN,IND,SAN
JAN-DEN,JAN,DEN
ONT-SAT,ONT,SAT
LIT-MCO,LIT,MCO
LFT-MCO,LFT,MCO
TPA-GSP,TPA,GSP
SAT-ONT,SAT,ONT
SAN-IND,SAN,IND
SAN-PIT,SAN,PIT
ORF-LAS,ORF,LAS
PNS-DEN,PNS,DEN
PBI-CMH,PBI,CMH
PHL-SRQ,PHL,SRQ
PWM-RSW,PWM,RSW
RDU-TTN,RDU,TTN
SLC-RSW,SLC,RSW
SAV-DEN,SAV,DEN
SRQ-CLE,SRQ,CLE
SRQ-PHL,SRQ,PHL
TTN-RDU,TTN,RDU
TYS-MCO,TYS,MCO
ATW-LAS,ATW,LAS
ATW-PGD,ATW,PGD
TUS-PVU,TUS,PVU
AZA-BLV,AZA,BLV
AZA-BOI,AZA,BOI
AZA-BZN,AZA,BZN
AZA-DSM,AZA,DSM
AZA-MCI,AZA,MCI
AZA-OGD,AZA,OGD
AZA-SBN,AZA,SBN
AZA-SCK,AZA,SCK
AZA-SGU,AZA,SGU
CLE-PIE,CLE,PIE
BLV-AZA,BLV,AZA
BMI-PIE,BMI,PIE
BNA-PGD,BNA,PGD
BOI-AZA,BOI,AZA
BZN-AZA,BZN,AZA
CHA-PIE,CHA,PIE
DAY-PIE,DAY,PIE
DSM-AZA,DSM,AZA
VPS-MCI,VPS,MCI
SWF-PGD,SWF,PGD
FNT-FLL,FNT,FLL
GSP-FLL,GSP,FLL
GPT-SFB,GPT,SFB
MDT-PIE,MDT,PIE
OGD-AZA,OGD,AZA
FLL-FNT,FLL,FNT
FLL-GSP,FLL,GSP
FLL-MEM,FLL,MEM
FLL-ORF,FLL,ORF
USA-MSY,USA,MSY
CVG-SAV,CVG,SAV
PIE-BMI,PIE,BMI
PIE-CHA,PIE,CHA
PIE-CLE,PIE,CLE
PIE-DAY,PIE,DAY
PIE-MDT,PIE,MDT
MCI-AZA,MCI,AZA
MCI-PGD,MCI,PGD
MCI-VPS,MCI,VPS
MEM-FLL,MEM,FLL
MEM-SFB,MEM,SFB
MLI-PGD,MLI,PGD
MSY-USA,MSY,USA
ORF-FLL,ORF,FLL
PGD-ATW,PGD,ATW
PGD-BNA,PGD,BNA
PGD-MCI,PGD,MCI
PGD-MLI,PGD,MLI
PGD-PIA,PGD,PIA
PGD-SWF,PGD,SWF
PIA-PGD,PIA,PGD
PVU-TUS,PVU,TUS
SAV-CVG,SAV,CVG
SBN-AZA,SBN,AZA
SCK-AZA,SCK,AZA
SFB-GPT,SFB,GPT
SFB-MEM,SFB,MEM
SGU-AZA,SGU,AZA
DEN-FCA,DEN,FCA
FCA-DEN,FCA,DEN
BDL-CLE,BDL,CLE
LGA-CHA,LGA,CHA
CVG-RDU,CVG,RDU
RDU-CVG,RDU,CVG
BHM-SJC,BHM,SJC
CLT-MTJ,CLT,MTJ
CLT-STX,CLT,STX
EGE-LGA,EGE,LGA
LGA-EGE,LGA,EGE
GSP-SJC,GSP,SJC
MTJ-CLT,MTJ,CLT
OKC-SJC,OKC,SJC
STX-CLT,STX,CLT
FLL-HDN,FLL,HDN
HDN-FLL,HDN,FLL
DTW-PVD,DTW,PVD
MSP-SJU,MSP,SJU
JFK-JAC,JFK,JAC
JAC-JFK,JAC,JFK
SJU-MSP,SJU,MSP
ALB-IAD,ALB,IAD
IAD-ALB,IAD,ALB
EWR-MHT,EWR,MHT
EWR-SBN,EWR,SBN
ABE-FLL,ABE,FLL
PIT-SJU,PIT,SJU
AZA-MKE,AZA,MKE
AZA-PIE,AZA,PIE
FLL-ABE,FLL,ABE
CVG-SJU,CVG,SJU
PIE-AZA,PIE,AZA
PIE-MKE,PIE,MKE
MKE-AZA,MKE,AZA
MKE-PGD,MKE,PGD
MKE-PIE,MKE,PIE
MKE-SFB,MKE,SFB
PGD-MKE,PGD,MKE
SFB-MKE,SFB,MKE
SJU-CVG,SJU,CVG
SJU-PIT,SJU,PIT
BGR-DCA,BGR,DCA
DCA-BGR,DCA,BGR
CLT-HVN,CLT,HVN
CLT-ITH,CLT,ITH
HVN-CLT,HVN,CLT
ITH-CLT,ITH,CLT
PHF-CLT,PHF,CLT
PHL-PHF,PHL,PHF
DEN-DAY,DEN,DAY
DEN-PSC,DEN,PSC
ORD-SUN,ORD,SUN
DTW-GSO,DTW,GSO
DTW-HSV,DTW,HSV
GSO-DTW,GSO,DTW
SFO-HDN,SFO,HDN
PSC-DEN,PSC,DEN
HDN-SFO,HDN,SFO
SUN-ORD,SUN,ORD
BHM-SFO,BHM,SFO
IAD-HDN,IAD,HDN
ORD-STT,ORD,STT
IAH-STT,IAH,STT
EWR-HDN,EWR,HDN
LGA-MTJ,LGA,MTJ
MTJ-LGA,MTJ,LGA
HDN-EWR,HDN,EWR
HDN-IAD,HDN,IAD
STT-IAH,STT,IAH
STT-ORD,STT,ORD
HOU-SJU,HOU,SJU
SJU-HOU,SJU,HOU
BRO-ORD,BRO,ORD
ORD-BRO,ORD,BRO
GRR-PHL,GRR,PHL
PHL-GRR,PHL,GRR
BDL-CVG,BDL,CVG
CLE-BDL,CLE,BDL
MHT-LGA,MHT,LGA
CHA-LGA,CHA,LGA
LGA-LEX,LGA,LEX
LGA-MHT,LGA,MHT
IND-RDU,IND,RDU
LEX-LGA,LEX,LGA
CVG-BDL,CVG,BDL
MCI-CVG,MCI,CVG
RDU-BDL,RDU,BDL
RDU-IND,RDU,IND
PVD-DTW,PVD,DTW
IAD-SCE,IAD,SCE
SBN-EWR,SBN,EWR
CLT-ROA,CLT,ROA
LGA-ROA,LGA,ROA
ROA-CLT,ROA,CLT
ROA-LGA,ROA,LGA
DCA-LAN,DCA,LAN
CLT-LYH,CLT,LYH
CLT-PHF,CLT,PHF
LAN-DCA,LAN,DCA
LYH-CLT,LYH,CLT
HSV-DTW,HSV,DTW
DEN-SGF,DEN,SGF
SEA-STS,SEA,STS
CHA-DTW,CHA,DTW
DTW-CHA,DTW,CHA
MSP-MBS,MSP,MBS
MSP-PIA,MSP,PIA
MSP-TUL,MSP,TUL
PIA-MSP,PIA,MSP
TUL-MSP,TUL,MSP
SGF-DEN,SGF,DEN
TWF-DEN,TWF,DEN
TWF-LAX,TWF,LAX
TWF-SFO,TWF,SFO
GSP-SFO,GSP,SFO
DAL-JAX,DAL,JAX
ELP-SAN,ELP,SAN
CMH-MSY,CMH,MSY
JAX-DAL,JAX,DAL
HOU-PHL,HOU,PHL
HOU-SMF,HOU,SMF
IND-MSY,IND,MSY
SMF-HOU,SMF,HOU
MSY-CMH,MSY,CMH
MSY-IND,MSY,IND
SAN-ELP,SAN,ELP
PHL-HOU,PHL,HOU
DCA-LEX,DCA,LEX
DCA-MSN,DCA,MSN
CMH-RDU,CMH,RDU
LEX-DCA,LEX,DCA
CVG-MCI,CVG,MCI
MSN-DCA,MSN,DCA
PHL-BUF,PHL,BUF
RDU-CMH,RDU,CMH
BDL-RDU,BDL,RDU
BHM-DTW,BHM,DTW
STL-CVG,STL,CVG
DTW-BHM,DTW,BHM
CVG-STL,CVG,STL
HSV-IAD,HSV,IAD
ALB-EWR,ALB,EWR
BGR-EWR,BGR,EWR
IAD-HSV,IAD,HSV
IAD-SDF,IAD,SDF
ORD-ABE,ORD,ABE
ORD-SCE,ORD,SCE
CRW-IAH,CRW,IAH
IAH-CRW,IAH,CRW
EWR-ALB,EWR,ALB
EWR-BGR,EWR,BGR
EWR-GRR,EWR,GRR
EWR-LEX,EWR,LEX
LEX-EWR,LEX,EWR
SCE-ORD,SCE,ORD
DEN-COU,DEN,COU
DEN-HDN,DEN,HDN
DEN-XNA,DEN,XNA
CGI-PAH,CGI,PAH
ORD-BIS,ORD,BIS
XNA-DEN,XNA,DEN
LAX-STS,LAX,STS
MBS-MSP,MBS,MSP
PAH-CGI,PAH,CGI
STS-LAX,STS,LAX
HDN-DEN,HDN,DEN
DAL-ECP,DAL,ECP
DAL-MKE,DAL,MKE
DAL-MSP,DAL,MSP
DAL-RSW,DAL,RSW
DAL-SDF,DAL,SDF
ECP-DAL,ECP,DAL
MSP-DAL,MSP,DAL
RSW-DAL,RSW,DAL
RSW-MCI,RSW,MCI
SDF-DAL,SDF,DAL
MCI-RSW,MCI,RSW
MKE-DAL,MKE,DAL
PVD-IAD,PVD,IAD
IAD-PVD,IAD,PVD
BUF-PHL,BUF,PHL
EWR-XNA,EWR,XNA
XNA-EWR,XNA,EWR
SJC-BHM,SJC,BHM
SJC-GSP,SJC,GSP
BOS-ROC,BOS,ROC
ROC-BOS,ROC,BOS
ABE-ORD,ABE,ORD
DEN-LNK,DEN,LNK
DAY-DEN,DAY,DEN
COU-DEN,COU,DEN
LNK-DEN,LNK,DEN
SFO-BHM,SFO,BHM
SFO-GSP,SFO,GSP
GJT-LAX,GJT,LAX
DEN-CPR,DEN,CPR
DEN-RDM,DEN,RDM
CPR-DEN,CPR,DEN
RDM-DEN,RDM,DEN
DAL-RNO,DAL,RNO
DAL-TUS,DAL,TUS
PIT-MSY,PIT,MSY
TUS-DAL,TUS,DAL
ELP-SJC,ELP,SJC
SJC-ELP,SJC,ELP
MSY-PIT,MSY,PIT
RNO-DAL,RNO,DAL
CPR-RAP,CPR,RAP
SJC-MCI,SJC,MCI
BTR-DCA,BTR,DCA